episode,omega1,omega2,omega3,omega4,omega5,omega
1,0,0,0,1,0,0
2,0,1,0,1,0,0
3,0,1,0,2,0,0
4,1,1,0,2,0,0
5,1,2,0,2,0,0
6,1,2,0,2,0,1
7,1,2,0,2,1,1
8,1,2,1,2,1,1
9,1,2,1,2,1,2
10,2,2,1,2,1,2
11,2,2,1,2,2,2
12,2,2,1,3,2,2
13,3,2,1,3,2,2
14,3,3,1,3,2,2
15,3,3,1,3,3,2
16,3,4,1,3,3,2
17,3,4,1,4,3,2
18,4,4,1,4,3,2
19,5,4,1,4,3,2
20,6,4,1,4,3,2
21,6,5,1,4,3,2
22,6,5,1,4,4,2
23,6,6,1,4,4,2
24,6,6,1,4,4,3
25,6,7,1,4,4,3
26,7,7,1,4,4,3
27,8,7,1,4,4,3
28,8,7,1,5,4,3
29,9,7,1,5,4,3
30,9,7,1,6,4,3
31,9,7,2,6,4,3
32,9,8,2,6,4,3
33,9,8,2,7,4,3
34,9,9,2,7,4,3
35,9,9,2,7,4,4
36,9,9,2,7,5,4
37,9,9,3,7,5,4
38,9,9,3,7,5,5
39,10,9,3,7,5,5
40,10,9,3,7,6,5
41,10,9,3,8,6,5
42,10,9,4,8,6,5
43,10,9,4,8,6,6
44,11,9,4,8,6,6
45,11,9,5,8,6,6
46,11,10,5,8,6,6
47,12,10,5,8,6,6
48,12,10,5,8,6,7
49,12,10,6,8,6,7
50,13,10,6,8,6,7
51,13,10,6,9,6,7
52,13,10,6,9,7,7
53,13,10,6,10,7,7
54,13,10,6,11,7,7
55,14,10,6,11,7,7
56,14,10,6,11,8,7
57,14,10,6,11,9,7
58,14,10,7,11,9,7
59,14,10,7,11,10,7
60,15,10,7,11,10,7
61,15,10,7,11,11,7
62,15,10,7,11,12,7
63,15,10,8,11,12,7
64,15,11,8,11,12,7
65,16,11,8,11,12,7
66,16,11,9,11,12,7
67,16,11,10,11,12,7
68,16,11,10,11,13,7
69,16,11,10,12,13,7
70,17,11,10,12,13,7
71,17,11,10,12,13,8
72,17,11,10,13,13,8
73,17,11,10,13,14,8
74,18,11,10,13,14,8
75,18,11,10,13,15,8
76,18,12,10,13,15,8
77,18,12,10,13,15,9
78,18,12,10,14,15,9
79,18,12,10,14,16,9
80,18,12,10,15,16,9
81,18,12,10,16,16,9
82,19,12,10,16,16,9
83,19,12,10,17,16,9
84,19,12,10,17,17,9
85,19,13,10,17,17,9
86,19,14,10,17,17,9
87,19,14,10,17,18,9
88,19,14,11,17,18,9
89,19,14,11,17,19,9
90,19,14,11,17,20,9
91,19,14,11,18,20,9
92,19,14,11,18,21,9
93,19,14,11,19,21,9
94,19,15,11,19,21,9
95,19,15,12,19,21,9
96,19,15,13,19,21,9
97,19,15,13,19,22,9
98,19,15,13,19,23,9
99,19,15,13,19,24,9
100,19,15,13,20,24,9
101,20,15,13,20,24,9
102,20,15,13,20,24,10
103,21,15,13,20,24,10
104,21,15,13,21,24,10
105,21,16,13,21,24,10
106,21,16,13,21,25,10
107,21,16,13,21,25,11
108,22,16,13,21,25,11
109,22,16,13,22,25,11
110,22,16,13,22,26,11
111,22,17,13,22,26,11
112,22,17,14,22,26,11
113,22,17,14,22,27,11
114,22,17,14,22,27,12
115,22,17,14,22,28,12
116,22,17,14,22,29,12
117,22,18,14,22,29,12
118,23,18,14,22,29,12
119,23,18,15,22,29,12
120,23,18,15,22,29,13
121,23,18,15,22,30,13
122,23,18,15,22,30,14
123,23,18,15,22,31,14
124,24,18,15,22,31,14
125,24,18,15,22,32,14
126,24,19,15,22,32,14
127,24,19,15,22,32,15
128,24,19,15,22,33,15
129,24,19,16,22,33,15
130,24,19,16,22,33,16
131,24,19,17,22,33,16
132,24,19,17,23,33,16
133,24,19,17,24,33,16
134,25,19,17,24,33,16
135,25,19,18,24,33,16
136,25,19,18,25,33,16
137,26,19,18,25,33,16
138,26,19,19,25,33,16
139,26,19,19,26,33,16
140,26,19,19,26,33,17
141,26,19,19,27,33,17
142,26,19,19,27,33,18
143,26,20,19,27,33,18
144,26,20,19,27,33,19
145,26,21,19,27,33,19
146,26,21,20,27,33,19
147,26,21,21,27,33,19
148,26,22,21,27,33,19
149,26,22,22,27,33,19
150,26,22,22,27,33,20
151,26,22,22,28,33,20
152,26,22,22,28,34,20
153,26,22,22,28,34,21
154,26,23,22,28,34,21
155,26,23,22,28,34,22
156,26,23,22,28,34,23
157,26,23,22,28,34,24
158,26,23,22,28,35,24
159,26,23,22,28,35,25
160,27,23,22,28,35,25
161,27,23,22,28,36,25
162,27,23,22,28,36,26
163,27,23,22,28,36,27
164,27,23,22,28,37,27
165,27,24,22,28,37,27
166,28,24,22,28,37,27
167,28,24,22,28,37,28
168,28,24,22,28,38,28
169,28,24,22,28,39,28
170,28,24,22,28,40,28
171,28,24,22,28,41,28
172,28,24,23,28,41,28
173,28,24,23,28,41,29
174,28,24,23,28,42,29
175,28,24,23,28,43,29
176,28,24,23,28,43,30
177,29,24,23,28,43,30
178,29,24,23,28,43,31
179,30,24,23,28,43,31
180,30,24,23,28,44,31
181,30,24,23,28,44,32
182,30,24,24,28,44,32
183,30,24,24,28,45,32
184,30,25,24,28,45,32
185,30,25,24,28,45,33
186,30,26,24,28,45,33
187,30,26,24,28,46,33
188,30,27,24,28,46,33
189,31,27,24,28,46,33
190,31,27,25,28,46,33
191,32,27,25,28,46,33
192,32,27,25,28,46,34
193,32,28,25,28,46,34
194,32,28,26,28,46,34
195,32,28,26,28,46,35
196,32,28,26,28,46,36
197,32,28,26,28,46,37
198,32,28,27,28,46,37
199,32,28,28,28,46,37
200,32,28,28,28,47,37
201,32,28,28,28,47,38
202,33,28,28,28,47,38
203,33,28,28,28,47,39
204,33,28,28,28,47,40
205,33,28,28,28,48,40
206,33,28,28,28,49,40
207,33,28,28,28,49,41
208,34,28,28,28,49,41
209,34,28,28,28,49,42
210,34,29,28,28,49,42
211,34,29,28,28,49,43
212,34,29,29,28,49,43
213,34,29,29,28,50,43
214,34,29,29,28,50,44
215,35,29,29,28,50,44
216,35,29,29,28,50,45
217,35,29,29,28,50,46
218,36,29,29,28,50,46
219,36,29,29,28,51,46
220,36,29,29,28,51,47
221,36,29,29,28,51,48
222,36,29,29,28,51,49
223,37,29,29,28,51,49
224,37,29,29,28,51,50
225,37,30,29,28,51,50
226,37,30,29,28,51,51
227,37,30,29,28,51,52
228,37,30,29,28,52,52
229,37,30,29,28,52,53
230,37,30,29,28,53,53
231,37,30,29,28,54,53
232,37,30,29,28,55,53
233,37,30,29,28,56,53
234,37,30,29,28,56,54
235,37,30,29,28,56,55
236,37,30,29,28,56,56
237,37,30,29,28,56,57
238,37,30,29,28,56,58
239,37,30,29,28,56,59
240,37,30,29,28,56,60
241,37,30,29,28,56,61
242,37,30,30,28,56,61
243,37,30,30,28,56,62
244,38,30,30,28,56,62
245,38,30,30,28,56,63
246,38,30,30,28,56,64
247,38,30,30,28,56,65
248,38,30,30,28,56,66
249,39,30,30,28,56,66
250,39,30,30,28,56,67
251,39,30,30,28,56,68
252,39,30,30,28,56,69
253,39,30,30,28,56,70
254,39,30,30,28,56,71
255,40,30,30,28,56,71
256,40,30,30,28,56,72
257,40,30,30,28,56,73
258,40,30,30,28,56,74
259,40,30,30,28,56,75
260,40,30,30,28,56,76
261,40,30,30,28,56,77
262,40,30,30,28,56,78
263,40,30,30,28,56,79
264,40,30,30,28,56,80
265,40,30,31,28,56,80
266,40,30,31,28,57,80
267,40,30,31,29,57,80
268,40,30,31,29,57,81
269,40,30,31,29,57,82
270,40,30,31,29,57,83
271,40,30,31,29,58,83
272,40,30,31,29,58,84
273,40,30,31,29,58,85
274,40,30,31,29,58,86
275,40,30,31,29,59,86
276,40,30,31,29,59,87
277,40,30,31,29,59,88
278,40,30,31,29,59,89
279,40,30,31,29,59,90
280,40,30,32,29,59,90
281,40,30,32,29,59,91
282,40,30,32,29,59,92
283,40,30,32,29,59,93
284,40,30,32,29,59,94
285,40,30,32,29,59,95
286,40,30,32,29,59,96
287,40,30,32,29,59,97
288,40,30,32,29,59,98
289,41,30,32,29,59,98
290,42,30,32,29,59,98
291,42,30,32,29,59,99
292,42,30,32,29,59,100
293,42,30,32,29,59,101
294,42,30,32,29,59,102
295,42,30,32,29,59,103
296,42,30,32,29,59,104
297,42,30,32,29,59,105
298,42,30,32,29,59,106
299,42,30,32,29,59,107
300,42,30,32,29,59,108
301,42,30,32,29,60,108
302,42,30,32,29,60,109
303,42,30,32,29,60,110
304,42,30,32,29,60,111
305,42,30,32,29,60,112
306,42,30,32,29,60,113
307,42,30,32,29,60,114
308,42,30,32,29,61,114
309,42,30,32,29,61,115
310,42,30,32,29,61,116
311,42,30,32,29,62,116
312,42,30,32,29,62,117
313,42,30,32,29,62,118
314,42,30,32,29,62,119
315,42,30,32,29,62,120
316,42,30,32,29,62,121
317,42,30,32,29,63,121
318,42,30,32,29,63,122
319,42,30,32,29,63,123
320,42,30,32,29,64,123
321,42,30,32,29,64,124
322,42,30,32,29,64,125
323,42,30,32,29,64,126
324,42,30,32,30,64,126
325,42,30,32,30,64,127
326,42,30,32,30,64,128
327,42,30,32,30,64,129
328,42,31,32,30,64,129
329,42,31,32,30,64,130
330,42,31,32,30,64,131
331,42,31,32,30,64,132
332,42,31,32,30,65,132
333,42,31,32,30,65,133
334,42,31,32,30,65,134
335,42,31,32,30,65,135
336,42,31,32,30,66,135
337,42,31,32,30,66,136
338,42,31,32,30,66,137
339,42,31,32,30,66,138
340,42,31,32,30,66,139
341,42,31,32,30,66,140
342,42,31,32,30,66,141
343,42,31,32,30,66,142
344,42,31,32,31,66,142
345,42,31,32,31,66,143
346,42,31,32,31,66,144
347,42,32,32,31,66,144
348,42,32,32,31,66,145
349,42,32,32,31,66,146
350,42,32,32,31,66,147
351,42,32,32,31,66,148
352,42,32,32,31,66,149
353,42,32,32,31,66,150
354,42,32,32,31,66,151
355,42,32,32,31,66,152
356,42,32,33,31,66,152
357,42,32,33,31,66,153
358,42,32,33,31,66,154
359,42,32,33,31,66,155
360,42,32,33,31,66,156
361,42,32,33,31,66,157
362,42,32,33,31,66,158
363,42,32,33,31,66,159
364,42,32,33,31,66,160
365,42,32,33,31,66,161
366,42,32,33,31,66,162
367,42,32,33,32,66,162
368,42,32,33,32,66,163
369,42,32,33,32,66,164
370,42,32,33,32,66,165
371,42,32,33,32,66,166
372,42,32,33,32,66,167
373,42,32,33,32,66,168
374,42,32,33,32,66,169
375,42,32,33,32,66,170
376,42,32,33,32,66,171
377,42,32,33,32,66,172
378,42,32,33,32,66,173
379,42,32,33,32,66,174
380,42,32,33,32,66,175
381,42,32,33,32,66,176
382,42,32,33,32,66,177
383,42,32,33,32,66,178
384,42,32,33,32,66,179
385,42,32,33,32,66,180
386,42,32,33,32,66,181
387,42,32,33,32,67,181
388,42,32,33,32,67,182
389,42,32,33,32,67,183
390,42,32,33,32,67,184
391,42,32,33,32,67,185
392,42,32,33,32,67,186
393,42,32,33,32,67,187
394,42,32,33,32,67,188
395,42,32,33,32,67,189
396,42,32,33,32,67,190
397,42,32,33,32,67,191
398,42,32,33,32,67,192
399,42,32,33,32,67,193
400,42,32,33,32,67,194
401,42,32,33,32,67,195
402,42,32,33,32,67,196
403,42,32,33,32,67,197
404,42,32,33,32,67,198
405,42,32,33,32,67,199
406,42,32,33,32,67,200
407,42,32,33,32,67,201
408,42,32,33,32,67,202
409,42,32,33,32,67,203
410,42,32,33,32,67,204
411,42,32,33,32,67,205
412,42,32,33,32,67,206
413,42,32,33,32,67,207
414,42,32,33,32,67,208
415,42,32,33,32,67,209
416,42,32,33,32,67,210
417,42,32,33,32,67,211
418,42,32,33,32,67,212
419,42,32,33,32,67,213
420,42,32,33,32,67,214
421,42,32,33,32,67,215
422,42,32,33,32,67,216
423,42,32,33,32,67,217
424,42,32,33,32,67,218
425,42,32,33,32,67,219
426,42,32,33,32,67,220
427,42,32,33,32,67,221
428,42,32,33,32,67,222
429,42,32,33,32,67,223
430,42,32,33,32,67,224
431,42,32,33,32,67,225
432,42,32,33,32,67,226
433,42,32,33,32,67,227
434,42,32,33,32,67,228
435,42,32,33,32,67,229
436,42,32,33,32,67,230
437,42,32,33,32,67,231
438,42,32,33,32,67,232
439,42,32,33,32,67,233
440,42,32,33,32,67,234
441,42,32,33,32,67,235
442,42,32,33,32,67,236
443,42,32,33,32,67,237
444,42,32,33,32,67,238
445,42,32,33,32,67,239
446,42,32,33,32,67,240
447,42,32,33,32,67,241
448,42,32,33,32,67,242
449,42,32,33,32,67,243
450,42,32,33,32,67,244
451,42,32,33,32,67,245
452,42,32,33,32,67,246
453,42,32,33,32,67,247
454,42,32,33,32,67,248
455,42,32,33,32,67,249
456,42,32,33,32,67,250
457,42,32,33,32,67,251
458,42,32,33,32,67,252
459,42,32,33,32,67,253
460,42,32,33,32,67,254
461,42,32,33,32,67,255
462,42,32,33,32,67,256
463,42,32,33,32,67,257
464,42,32,33,32,67,258
465,42,32,33,32,67,259
466,42,32,33,32,67,260
467,42,32,33,32,67,261
468,42,32,33,32,67,262
469,42,32,33,32,67,263
470,42,32,33,32,67,264
471,42,32,33,32,67,265
472,42,32,33,32,67,266
473,42,32,33,32,67,267
474,42,32,33,32,67,268
475,42,32,33,32,67,269
476,42,32,33,32,67,270
477,42,32,33,32,67,271
478,42,32,33,32,67,272
479,42,32,33,32,67,273
480,42,32,33,32,67,274
481,42,32,33,32,67,275
482,42,32,33,32,67,276
483,42,32,33,32,67,277
484,42,32,33,32,67,278
485,42,32,33,32,67,279
486,42,32,33,32,67,280
487,42,32,33,32,67,281
488,42,32,33,32,67,282
489,42,32,33,32,67,283
490,42,32,33,32,67,284
491,42,32,33,32,67,285
492,42,32,33,32,67,286
493,42,32,33,32,67,287
494,42,32,33,32,67,288
495,42,32,33,32,67,289
496,42,32,33,32,67,290
497,42,32,33,32,67,291
498,42,32,33,32,67,292
499,42,32,33,32,67,293
500,42,32,33,32,67,294
501,42,32,33,32,67,295
502,42,32,33,32,67,296
503,42,32,33,32,67,297
504,42,32,33,32,67,298
505,42,32,33,32,67,299
506,42,32,33,32,67,300
507,42,32,33,32,67,301
508,42,32,33,32,67,302
509,42,32,33,32,67,303
510,42,32,33,32,67,304
511,42,32,33,32,67,305
512,42,32,33,32,67,306
513,42,32,33,32,67,307
514,42,32,33,32,67,308
515,42,32,33,32,67,309
516,42,32,33,32,67,310
517,42,32,33,32,67,311
518,42,32,33,32,67,312
519,42,32,33,32,67,313
520,42,32,33,32,67,314
521,42,32,33,32,67,315
522,42,32,33,32,68,315
523,42,32,33,32,68,316
524,42,32,33,32,68,317
525,42,32,33,32,68,318
526,42,32,33,32,68,319
527,42,32,33,32,68,320
528,42,32,33,32,68,321
529,42,32,33,32,68,322
530,42,32,33,32,68,323
531,42,32,33,32,68,324
532,42,32,33,32,68,325
533,42,32,33,32,68,326
534,42,32,33,32,68,327
535,42,32,33,32,68,328
536,42,32,33,32,68,329
537,42,32,33,32,68,330
538,42,32,33,32,68,331
539,42,32,33,32,68,332
540,42,32,33,32,68,333
541,42,32,33,32,68,334
542,42,32,33,32,68,335
543,42,32,33,32,68,336
544,42,32,33,32,68,337
545,42,32,33,32,68,338
546,42,32,33,32,68,339
547,42,32,33,32,68,340
548,42,32,33,32,68,341
549,42,32,33,32,68,342
550,42,32,33,32,68,343
551,42,32,33,32,68,344
552,42,32,33,32,68,345
553,42,32,33,32,68,346
554,42,32,33,32,68,347
555,42,32,33,32,68,348
556,42,32,33,32,68,349
557,42,32,33,32,68,350
558,42,32,33,32,68,351
559,42,32,33,32,68,352
560,42,32,33,32,68,353
561,42,32,33,32,68,354
562,42,32,33,32,68,355
563,42,32,33,32,68,356
564,42,32,33,32,68,357
565,42,32,33,32,68,358
566,42,32,33,32,68,359
567,42,32,33,32,68,360
568,42,32,33,32,68,361
569,42,32,33,32,68,362
570,42,32,33,32,68,363
571,42,32,33,32,68,364
572,42,32,33,32,68,365
573,42,32,33,32,68,366
574,42,32,33,32,68,367
575,42,32,33,32,68,368
576,42,32,33,32,68,369
577,42,32,33,32,68,370
578,42,32,33,32,68,371
579,42,32,33,32,68,372
580,42,32,33,32,68,373
581,42,32,33,32,68,374
582,42,32,33,32,68,375
583,42,32,33,32,68,376
584,42,32,33,32,68,377
585,42,32,33,32,68,378
586,42,32,33,32,68,379
587,42,32,33,32,68,380
588,42,32,33,32,68,381
589,42,32,33,32,68,382
590,42,32,33,32,68,383
591,42,32,33,32,68,384
592,42,32,33,32,68,385
593,42,32,33,32,68,386
594,42,32,33,32,68,387
595,42,32,33,32,68,388
596,42,32,33,32,68,389
597,42,32,33,32,68,390
598,42,32,33,32,68,391
599,42,32,33,32,68,392
600,42,32,33,32,68,393
601,42,32,33,32,68,394
602,42,32,33,32,68,395
603,42,32,33,32,68,396
604,42,32,33,32,68,397
605,42,32,33,32,68,398
606,42,32,33,32,68,399
607,42,32,33,32,68,400
608,42,32,33,32,68,401
609,42,32,33,32,68,402
610,42,32,33,32,68,403
611,42,32,33,32,68,404
612,42,32,33,32,68,405
613,42,32,33,32,68,406
614,42,32,33,32,68,407
615,42,32,33,32,68,408
616,42,32,33,32,68,409
617,42,32,33,32,68,410
618,42,32,33,32,68,411
619,42,32,33,32,68,412
620,42,32,33,32,68,413
621,42,32,33,32,68,414
622,42,32,33,32,68,415
623,42,32,33,32,68,416
624,42,32,33,32,68,417
625,42,32,33,32,68,418
626,42,32,33,32,68,419
627,42,32,33,32,68,420
628,42,32,33,32,68,421
629,42,32,33,32,68,422
630,42,32,33,32,68,423
631,42,32,33,32,68,424
632,42,32,33,32,68,425
633,42,32,33,32,68,426
634,42,32,33,32,68,427
635,42,32,33,32,68,428
636,42,32,33,32,68,429
637,42,32,33,32,68,430
638,42,32,33,32,68,431
639,42,32,33,32,68,432
640,42,32,33,32,68,433
641,42,32,33,32,68,434
642,42,32,33,32,68,435
643,42,32,33,32,68,436
644,42,32,33,32,68,437
645,42,32,33,32,68,438
646,42,32,33,32,68,439
647,42,32,33,32,68,440
648,42,32,33,32,68,441
649,42,32,33,32,68,442
650,42,32,33,32,68,443
651,42,32,33,32,68,444
652,42,32,33,32,68,445
653,42,32,33,32,68,446
654,42,32,33,32,68,447
655,42,32,33,32,68,448
656,42,32,33,32,68,449
657,42,32,33,32,68,450
658,42,32,33,32,68,451
659,42,32,33,32,68,452
660,42,32,33,32,68,453
661,42,32,33,32,68,454
662,42,32,33,32,68,455
663,42,32,33,32,68,456
664,42,32,33,32,68,457
665,42,32,33,32,68,458
666,42,32,33,32,68,459
667,42,32,33,32,68,460
668,42,32,33,32,68,461
669,42,32,33,32,68,462
670,42,32,33,32,68,463
671,42,32,33,32,68,464
672,42,32,33,32,68,465
673,42,32,33,32,68,466
674,42,32,33,32,68,467
675,42,32,33,32,68,468
676,42,32,33,32,68,469
677,42,32,33,32,68,470
678,42,32,33,32,68,471
679,42,32,33,32,68,472
680,42,32,33,32,68,473
681,42,32,33,32,68,474
682,42,32,33,32,68,475
683,42,32,33,32,68,476
684,42,32,33,32,68,477
685,42,32,33,32,68,478
686,42,32,33,32,68,479
687,42,32,33,32,68,480
688,42,32,33,32,68,481
689,42,32,33,32,68,482
690,42,32,33,32,68,483
691,42,32,33,32,68,484
692,42,32,33,32,68,485
693,42,32,33,32,68,486
694,42,32,33,32,68,487
695,42,32,33,32,68,488
696,42,32,33,32,68,489
697,42,32,33,32,68,490
698,42,32,33,32,68,491
699,42,32,33,32,68,492
700,42,32,33,32,68,493
701,42,32,33,32,68,494
702,42,32,33,32,68,495
703,42,32,33,32,68,496
704,42,32,33,32,68,497
705,42,32,33,32,68,498
706,42,32,33,32,68,499
707,42,32,33,32,68,500
708,42,32,33,32,68,501
709,42,32,33,32,68,502
710,42,32,33,32,68,503
711,42,32,33,32,68,504
712,42,32,33,32,68,505
713,42,32,33,32,68,506
714,42,32,33,32,68,507
715,42,32,33,32,68,508
716,42,32,33,32,68,509
717,42,32,33,32,68,510
718,42,32,33,32,68,511
719,42,32,33,32,68,512
720,42,32,33,32,68,513
721,42,32,33,32,68,514
722,42,32,33,32,68,515
723,42,32,33,32,68,516
724,42,32,33,32,68,517
725,42,32,33,32,68,518
726,42,32,33,32,68,519
727,42,32,33,32,68,520
728,42,32,33,32,68,521
729,42,32,33,32,68,522
730,42,32,33,32,68,523
731,42,32,33,32,68,524
732,42,32,33,32,68,525
733,42,32,33,32,68,526
734,42,32,33,32,68,527
735,42,32,33,32,68,528
736,42,32,33,32,68,529
737,42,32,33,32,68,530
738,42,32,33,32,68,531
739,42,32,33,32,68,532
740,42,32,33,32,68,533
741,42,32,33,32,68,534
742,42,32,33,32,68,535
743,42,32,33,32,68,536
744,42,32,33,32,68,537
745,42,32,33,32,68,538
746,42,32,33,32,68,539
747,42,32,33,32,68,540
748,42,32,33,32,68,541
749,42,32,33,32,68,542
750,42,32,33,32,68,543
751,42,32,33,32,68,544
752,42,32,33,32,68,545
753,42,32,33,32,68,546
754,42,32,33,32,68,547
755,42,32,33,32,68,548
756,42,32,33,32,68,549
757,42,32,33,32,68,550
758,42,32,33,32,68,551
759,42,32,33,32,68,552
760,42,32,33,32,68,553
761,42,32,33,32,68,554
762,42,32,33,32,68,555
763,42,32,33,32,68,556
764,42,32,33,32,68,557
765,42,32,33,32,68,558
766,42,32,33,32,68,559
767,42,32,33,32,68,560
768,42,32,33,32,68,561
769,42,32,33,32,68,562
770,42,32,33,32,68,563
771,42,32,33,32,68,564
772,42,32,33,32,68,565
773,42,32,33,32,68,566
774,42,32,33,32,68,567
775,42,32,33,32,68,568
776,42,32,33,32,68,569
777,42,32,33,32,68,570
778,42,32,33,32,68,571
779,42,32,33,32,68,572
780,42,32,33,32,68,573
781,42,32,33,32,68,574
782,42,32,33,32,68,575
783,42,32,33,32,68,576
784,42,32,33,32,68,577
785,42,32,33,32,68,578
786,42,32,33,32,68,579
787,42,32,33,32,68,580
788,42,32,33,32,68,581
789,42,32,33,32,68,582
790,42,32,33,32,68,583
791,42,32,33,32,68,584
792,42,32,33,32,68,585
793,42,32,33,32,68,586
794,42,32,33,32,68,587
795,42,32,33,32,68,588
796,42,32,33,32,68,589
797,42,32,33,32,68,590
798,42,32,33,32,68,591
799,42,32,33,32,68,592
800,42,32,33,32,68,593
801,42,32,33,32,68,594
802,42,32,33,32,68,595
803,42,32,33,32,68,596
804,42,32,33,32,68,597
805,42,32,33,32,68,598
806,42,32,33,32,68,599
807,42,32,33,32,68,600
808,42,32,33,32,68,601
809,42,32,33,32,68,602
810,42,32,33,32,68,603
811,42,32,33,32,68,604
812,42,32,33,32,68,605
813,42,32,33,32,68,606
814,42,32,33,32,68,607
815,42,32,33,32,68,608
816,42,32,33,32,68,609
817,42,32,33,32,68,610
818,42,32,33,32,68,611
819,42,32,33,32,68,612
820,42,32,33,32,68,613
821,42,32,33,32,68,614
822,42,32,33,32,68,615
823,42,32,33,32,68,616
824,42,32,33,32,68,617
825,42,32,33,32,68,618
826,42,32,33,32,68,619
827,42,32,33,32,68,620
828,42,32,33,32,68,621
829,42,32,33,32,68,622
830,42,32,33,32,68,623
831,42,32,33,32,68,624
832,42,32,33,32,68,625
833,42,32,33,32,68,626
834,42,32,33,32,68,627
835,42,32,33,32,68,628
836,42,32,33,32,68,629
837,42,32,33,32,68,630
838,42,32,33,32,68,631
839,42,32,33,32,68,632
840,42,32,33,32,68,633
841,42,32,33,32,68,634
842,42,32,33,32,68,635
843,42,32,33,32,68,636
844,42,32,33,32,68,637
845,42,32,33,32,68,638
846,42,32,33,32,68,639
847,42,32,33,32,68,640
848,42,32,33,32,68,641
849,42,32,33,32,68,642
850,42,32,33,32,68,643
851,42,32,33,32,68,644
852,42,32,33,32,68,645
853,42,32,33,32,68,646
854,42,32,33,32,68,647
855,42,32,33,32,68,648
856,42,32,33,32,68,649
857,42,32,33,32,68,650
858,42,32,33,32,68,651
859,42,32,33,32,68,652
860,42,32,33,32,68,653
861,42,32,33,32,68,654
862,42,32,33,32,68,655
863,42,32,33,32,68,656
864,42,32,33,32,68,657
865,42,32,33,32,68,658
866,42,32,33,32,68,659
867,42,32,33,32,68,660
868,42,32,33,32,68,661
869,42,32,33,32,68,662
870,42,32,33,32,68,663
871,42,32,33,32,68,664
872,42,32,33,32,68,665
873,42,32,33,32,68,666
874,42,32,33,32,68,667
875,42,32,33,32,68,668
876,42,32,33,32,68,669
877,42,32,33,32,68,670
878,42,32,33,32,68,671
879,42,32,33,32,68,672
880,42,32,33,32,68,673
881,42,32,33,32,68,674
882,42,32,33,32,68,675
883,42,32,33,32,68,676
884,42,32,33,32,68,677
885,42,32,33,32,68,678
886,42,32,33,32,68,679
887,42,32,33,32,68,680
888,42,32,33,32,68,681
889,42,32,33,32,68,682
890,42,32,33,32,68,683
891,42,32,33,32,68,684
892,42,32,33,32,68,685
893,42,32,33,32,68,686
894,42,32,33,32,68,687
895,42,32,33,32,68,688
896,42,32,33,32,68,689
897,42,32,33,32,68,690
898,42,32,33,32,68,691
899,42,32,33,32,68,692
900,42,32,33,32,68,693
901,42,32,33,32,68,694
902,42,32,33,32,68,695
903,42,32,33,32,68,696
904,42,32,33,32,68,697
905,42,32,33,32,68,698
906,42,32,33,32,68,699
907,42,32,33,32,68,700
908,42,32,33,32,68,701
909,42,32,33,32,68,702
910,42,32,33,32,68,703
911,42,32,33,32,68,704
912,42,32,33,32,68,705
913,42,32,33,32,68,706
914,42,32,33,32,68,707
915,42,32,33,32,68,708
916,42,32,33,32,68,709
917,42,32,33,32,68,710
918,42,32,33,32,68,711
919,42,32,33,32,68,712
920,42,32,33,32,68,713
921,42,32,33,32,68,714
922,42,32,33,32,68,715
923,42,32,33,32,68,716
924,42,32,33,32,68,717
925,42,32,33,32,68,718
926,42,32,33,32,68,719
927,42,32,33,32,68,720
928,42,32,33,32,68,721
929,42,32,33,32,68,722
930,42,32,33,32,68,723
931,42,32,33,32,68,724
932,42,32,33,32,68,725
933,42,32,33,32,68,726
934,42,32,33,32,68,727
935,42,32,33,32,68,728
936,42,32,33,32,68,729
937,42,32,33,32,68,730
938,42,32,33,32,68,731
939,42,32,33,32,68,732
940,42,32,33,32,68,733
941,42,32,33,32,68,734
942,42,32,33,32,68,735
943,42,32,33,32,68,736
944,42,32,33,32,68,737
945,42,32,33,32,68,738
946,42,32,33,32,68,739
947,42,32,33,32,68,740
948,42,32,33,32,68,741
949,42,32,33,32,68,742
950,42,32,33,32,68,743
951,42,32,33,32,68,744
952,42,32,33,32,68,745
953,42,32,33,32,68,746
954,42,32,33,32,68,747
955,42,32,33,32,68,748
956,42,32,33,32,68,749
957,42,32,33,32,68,750
958,42,32,33,32,68,751
959,42,32,33,32,68,752
960,42,32,33,32,68,753
961,42,32,33,32,68,754
962,42,32,33,32,68,755
963,42,32,33,32,68,756
964,42,32,33,32,68,757
965,42,32,33,32,68,758
966,42,32,33,32,68,759
967,42,32,33,32,68,760
968,42,32,33,32,68,761
969,42,32,33,32,68,762
970,42,32,33,32,68,763
971,42,32,33,32,68,764
972,42,32,33,32,68,765
973,42,32,33,32,68,766
974,42,32,33,32,68,767
975,42,32,33,32,68,768
976,42,32,33,32,68,769
977,42,32,33,32,68,770
978,42,32,33,32,68,771
979,42,32,33,32,68,772
980,42,32,33,32,68,773
981,42,32,33,32,68,774
982,42,32,33,32,68,775
983,42,32,33,32,68,776
984,42,32,33,32,68,777
985,42,32,33,32,68,778
986,42,32,33,32,68,779
987,42,32,33,32,68,780
988,42,32,33,32,68,781
989,42,32,33,32,68,782
990,42,32,33,32,68,783
991,42,32,33,32,68,784
992,42,32,33,32,68,785
993,42,32,33,32,68,786
994,42,32,33,32,68,787
995,42,32,33,32,68,788
996,42,32,33,32,68,789
997,42,32,33,32,68,790
998,42,32,33,32,68,791
999,42,32,33,32,68,792
1000,42,32,33,32,68,793
1001,42,32,33,32,68,794
1002,42,32,33,32,68,795
1003,42,32,33,32,68,796
1004,42,32,33,32,68,797
1005,42,32,33,32,68,798
1006,42,32,33,32,68,799
1007,42,32,33,32,68,800
1008,42,32,33,32,68,801
1009,42,32,33,32,68,802
1010,42,32,33,32,68,803
1011,42,32,33,32,68,804
1012,42,32,33,32,68,805
1013,42,32,33,32,68,806
1014,42,32,33,32,68,807
1015,42,32,33,32,68,808
1016,42,32,33,32,68,809
1017,42,32,33,32,68,810
1018,42,32,33,32,68,811
1019,42,32,33,32,68,812
1020,42,32,33,32,68,813
1021,42,32,33,32,68,814
1022,42,32,33,32,68,815
1023,42,32,33,32,68,816
1024,42,32,33,32,68,817
1025,42,32,33,32,68,818
1026,42,32,33,32,68,819
1027,42,32,33,32,68,820
1028,42,32,33,32,68,821
1029,42,32,33,32,68,822
1030,42,32,33,32,68,823
1031,42,32,33,32,68,824
1032,42,32,33,32,68,825
1033,42,32,33,32,68,826
1034,42,32,33,32,68,827
1035,42,32,33,32,68,828
1036,42,32,33,32,68,829
1037,42,32,33,32,68,830
1038,42,32,33,32,68,831
1039,42,32,33,32,68,832
1040,42,32,33,32,68,833
1041,42,32,33,32,68,834
1042,42,32,33,32,68,835
1043,42,32,33,32,68,836
1044,42,32,33,32,68,837
1045,42,32,33,32,68,838
1046,42,32,33,32,68,839
1047,42,32,33,32,68,840
1048,42,32,33,32,68,841
1049,42,32,33,32,68,842
1050,42,32,33,32,68,843
1051,42,32,33,32,68,844
1052,42,32,33,32,68,845
1053,42,32,33,32,68,846
1054,42,32,33,32,68,847
1055,42,32,33,32,68,848
1056,42,32,33,32,68,849
1057,42,32,33,32,68,850
1058,42,32,33,32,68,851
1059,42,32,33,32,68,852
1060,42,32,33,32,68,853
1061,42,32,33,32,68,854
1062,42,32,33,32,68,855
1063,42,32,33,32,68,856
1064,42,32,33,32,68,857
1065,42,32,33,32,68,858
1066,42,32,33,32,68,859
1067,42,32,33,32,68,860
1068,42,32,33,32,68,861
1069,42,32,33,32,68,862
1070,42,32,33,32,68,863
1071,42,32,33,32,68,864
1072,42,32,33,32,68,865
1073,42,32,33,32,68,866
1074,42,32,33,32,68,867
1075,42,32,33,32,68,868
1076,42,32,33,32,68,869
1077,42,32,33,32,68,870
1078,42,32,33,32,68,871
1079,42,32,33,32,68,872
1080,42,32,33,32,68,873
1081,42,32,33,32,68,874
1082,42,32,33,32,68,875
1083,42,32,33,32,68,876
1084,42,32,33,32,68,877
1085,42,32,33,32,68,878
1086,42,32,33,32,68,879
1087,42,32,33,32,68,880
1088,42,32,33,32,68,881
1089,42,32,33,32,68,882
1090,42,32,33,32,68,883
1091,42,32,33,32,68,884
1092,42,32,33,32,68,885
1093,42,32,33,32,68,886
1094,42,32,33,32,68,887
1095,42,32,33,32,68,888
1096,42,32,33,32,68,889
1097,42,32,33,32,68,890
1098,42,32,33,32,68,891
1099,42,32,33,32,68,892
1100,42,32,33,32,68,893
1101,42,32,33,32,68,894
1102,42,32,33,32,68,895
1103,42,32,33,32,68,896
1104,42,32,33,32,68,897
1105,42,32,33,32,68,898
1106,42,32,33,32,68,899
1107,42,32,33,32,68,900
1108,42,32,33,32,68,901
1109,42,32,33,32,68,902
1110,42,32,33,32,68,903
1111,42,32,33,32,68,904
1112,42,32,33,32,68,905
1113,42,32,33,32,68,906
1114,42,32,33,32,68,907
1115,42,32,33,32,68,908
1116,42,32,33,32,68,909
1117,42,32,33,32,68,910
1118,42,32,33,32,68,911
1119,42,32,33,32,68,912
1120,42,32,33,32,68,913
1121,42,32,33,32,68,914
1122,42,32,33,32,68,915
1123,42,32,33,32,68,916
1124,42,32,33,32,68,917
1125,42,32,33,32,68,918
1126,42,32,33,32,68,919
1127,42,32,33,32,68,920
1128,42,32,33,32,68,921
1129,42,32,33,32,68,922
1130,42,32,33,32,68,923
1131,42,32,33,32,68,924
1132,42,32,33,32,68,925
1133,42,32,33,32,68,926
1134,42,32,33,32,68,927
1135,42,32,33,32,68,928
1136,42,32,33,32,68,929
1137,42,32,33,32,68,930
1138,42,32,33,32,68,931
1139,42,32,33,32,68,932
1140,42,32,33,32,68,933
1141,42,32,33,32,68,934
1142,42,32,33,32,68,935
1143,42,32,33,32,68,936
1144,42,32,33,32,68,937
1145,42,32,33,32,68,938
1146,42,32,33,32,68,939
1147,42,32,33,32,68,940
1148,42,32,33,32,68,941
1149,42,32,33,32,68,942
1150,42,32,33,32,68,943
1151,42,32,33,32,68,944
1152,42,32,33,32,68,945
1153,42,32,33,32,68,946
1154,42,32,33,32,68,947
1155,42,32,33,32,68,948
1156,42,32,33,32,68,949
1157,42,32,33,32,68,950
1158,42,32,33,32,68,951
1159,42,32,33,32,68,952
1160,42,32,33,32,68,953
1161,42,32,33,32,68,954
1162,42,32,33,32,68,955
1163,42,32,33,32,68,956
1164,42,32,33,32,68,957
1165,42,32,33,32,68,958
1166,42,32,33,32,68,959
1167,42,32,33,32,68,960
1168,42,32,33,32,68,961
1169,42,32,33,32,68,962
1170,42,32,33,32,68,963
1171,42,32,33,32,68,964
1172,42,32,33,32,68,965
1173,42,32,33,32,68,966
1174,42,32,33,32,68,967
1175,42,32,33,32,68,968
1176,42,32,33,32,68,969
1177,42,32,33,32,68,970
1178,42,32,33,32,68,971
1179,42,32,33,32,68,972
1180,42,32,33,32,68,973
1181,42,32,33,32,68,974
1182,42,32,33,32,68,975
1183,42,32,33,32,68,976
1184,42,32,33,32,68,977
1185,42,32,33,32,68,978
1186,42,32,33,32,68,979
1187,42,32,33,32,68,980
1188,42,32,33,32,68,981
1189,42,32,33,32,68,982
1190,42,32,33,32,68,983
1191,42,32,33,32,68,984
1192,42,32,33,32,68,985
1193,42,32,33,32,68,986
1194,42,32,33,32,68,987
1195,42,32,33,32,68,988
1196,42,32,33,32,68,989
1197,42,32,33,32,68,990
1198,42,32,33,32,68,991
1199,42,32,33,32,68,992
1200,42,32,33,32,68,993
1201,42,32,33,32,68,994
1202,42,32,33,32,68,995
1203,42,32,33,32,68,996
1204,42,32,33,32,68,997
1205,42,32,33,32,68,998
1206,42,32,33,32,68,999
1207,42,32,33,32,68,1000
1208,42,32,33,32,68,1001
1209,42,32,33,32,68,1002
1210,42,32,33,32,68,1003
1211,42,32,33,32,68,1004
1212,42,32,33,32,68,1005
1213,42,32,33,32,68,1006
1214,42,32,33,32,68,1007
1215,42,32,33,32,68,1008
1216,42,32,33,32,68,1009
1217,42,32,33,32,68,1010
1218,42,32,33,32,68,1011
1219,42,32,33,32,68,1012
1220,42,32,33,32,68,1013
1221,42,32,33,32,68,1014
1222,42,32,33,32,68,1015
1223,42,32,33,32,68,1016
1224,42,32,33,32,68,1017
1225,42,32,33,32,68,1018
1226,42,32,33,32,68,1019
1227,42,32,33,32,68,1020
1228,42,32,33,32,68,1021
1229,42,32,33,32,68,1022
1230,42,32,33,32,68,1023
1231,42,32,33,32,68,1024
1232,42,32,33,32,68,1025
1233,42,32,33,32,68,1026
1234,42,32,33,32,68,1027
1235,42,32,33,32,68,1028
1236,42,32,33,32,68,1029
1237,42,32,33,32,68,1030
1238,42,32,33,32,68,1031
1239,42,32,33,32,68,1032
1240,42,32,33,32,68,1033
1241,42,32,33,32,68,1034
1242,42,32,33,32,68,1035
1243,42,32,33,32,68,1036
1244,42,32,33,32,68,1037
1245,42,32,33,32,68,1038
1246,42,32,33,32,68,1039
1247,42,32,33,32,68,1040
1248,42,32,33,32,68,1041
1249,42,32,33,32,68,1042
1250,42,32,33,32,68,1043
1251,42,32,33,32,68,1044
1252,42,32,33,32,68,1045
1253,42,32,33,32,68,1046
1254,42,32,33,32,68,1047
1255,42,32,33,32,68,1048
1256,42,32,33,32,68,1049
1257,42,32,33,32,68,1050
1258,42,32,33,32,68,1051
1259,42,32,33,32,68,1052
1260,42,32,33,32,68,1053
1261,42,32,33,32,68,1054
1262,42,32,33,32,68,1055
1263,42,32,33,32,68,1056
1264,42,32,33,32,68,1057
1265,42,32,33,32,68,1058
1266,42,32,33,32,68,1059
1267,42,32,33,32,68,1060
1268,42,32,33,32,68,1061
1269,42,32,33,32,68,1062
1270,42,32,33,32,68,1063
1271,42,32,33,32,68,1064
1272,42,32,33,32,68,1065
1273,42,32,33,32,68,1066
1274,42,32,33,32,68,1067
1275,42,32,33,32,68,1068
1276,42,32,33,32,68,1069
1277,42,32,33,32,68,1070
1278,42,32,33,32,68,1071
1279,42,32,33,32,68,1072
1280,42,32,33,32,68,1073
1281,42,32,33,32,68,1074
1282,42,32,33,32,68,1075
1283,42,32,33,32,68,1076
1284,42,32,33,32,68,1077
1285,42,32,33,32,68,1078
1286,42,32,33,32,68,1079
1287,42,32,33,32,68,1080
1288,42,32,33,32,68,1081
1289,42,32,33,32,68,1082
1290,42,32,33,32,68,1083
1291,42,32,33,32,68,1084
1292,42,32,33,32,68,1085
1293,42,32,33,32,68,1086
1294,42,32,33,32,68,1087
1295,42,32,33,32,68,1088
1296,42,32,33,32,68,1089
1297,42,32,33,32,68,1090
1298,42,32,33,32,68,1091
1299,42,32,33,32,68,1092
1300,42,32,33,32,68,1093
1301,42,32,33,32,68,1094
1302,42,32,33,32,68,1095
1303,42,32,33,32,68,1096
1304,42,32,33,32,68,1097
1305,42,32,33,32,68,1098
1306,42,32,33,32,68,1099
1307,42,32,33,32,68,1100
1308,42,32,33,32,68,1101
1309,42,32,33,32,68,1102
1310,42,32,33,32,68,1103
1311,42,32,33,32,68,1104
1312,42,32,33,32,68,1105
1313,42,32,33,32,68,1106
1314,42,32,33,32,68,1107
1315,42,32,33,32,68,1108
1316,42,32,33,32,68,1109
1317,42,32,33,32,68,1110
1318,42,32,33,32,68,1111
1319,42,32,33,32,68,1112
1320,42,32,33,32,68,1113
1321,42,32,33,32,68,1114
1322,42,32,33,32,68,1115
1323,42,32,33,32,68,1116
1324,42,32,33,32,68,1117
1325,42,32,33,32,68,1118
1326,42,32,33,32,68,1119
1327,42,32,33,32,68,1120
1328,42,32,33,32,68,1121
1329,42,32,33,32,68,1122
1330,42,32,33,32,68,1123
1331,42,32,33,32,68,1124
1332,42,32,33,32,68,1125
1333,42,32,33,32,68,1126
1334,42,32,33,32,68,1127
1335,42,32,33,32,68,1128
1336,42,32,33,32,68,1129
1337,42,32,33,32,68,1130
1338,42,32,33,32,68,1131
1339,42,32,33,32,68,1132
1340,42,32,33,32,68,1133
1341,42,32,33,32,68,1134
1342,42,32,33,32,68,1135
1343,42,32,33,32,68,1136
1344,42,32,33,32,68,1137
1345,42,32,33,32,68,1138
1346,42,32,33,32,68,1139
1347,42,32,33,32,68,1140
1348,42,32,33,32,68,1141
1349,42,32,33,32,68,1142
1350,42,32,33,32,68,1143
1351,42,32,33,32,68,1144
1352,42,32,33,32,68,1145
1353,42,32,33,32,68,1146
1354,42,32,33,32,68,1147
1355,42,32,33,32,68,1148
1356,42,32,33,32,68,1149
1357,42,32,33,32,68,1150
1358,42,32,33,32,68,1151
1359,42,32,33,32,68,1152
1360,42,32,33,32,68,1153
1361,42,32,33,32,68,1154
1362,42,32,33,32,68,1155
1363,42,32,33,32,68,1156
1364,42,32,33,32,68,1157
1365,42,32,33,32,68,1158
1366,42,32,33,32,68,1159
1367,42,32,33,32,68,1160
1368,42,32,33,32,68,1161
1369,42,32,33,32,68,1162
1370,42,32,33,32,68,1163
1371,42,32,33,32,68,1164
1372,42,32,33,32,68,1165
1373,42,32,33,32,68,1166
1374,42,32,33,32,68,1167
1375,42,32,33,32,68,1168
1376,42,32,33,32,68,1169
1377,42,32,33,32,68,1170
1378,42,32,33,32,68,1171
1379,42,32,33,32,68,1172
1380,42,32,33,32,68,1173
1381,42,32,33,32,68,1174
1382,42,32,33,32,68,1175
1383,42,32,33,32,68,1176
1384,42,32,33,32,68,1177
1385,42,32,33,32,68,1178
1386,42,32,33,32,68,1179
1387,42,32,33,32,68,1180
1388,42,32,33,32,68,1181
1389,42,32,33,32,68,1182
1390,42,32,33,32,68,1183
1391,42,32,33,32,68,1184
1392,42,32,33,32,68,1185
1393,42,32,33,32,68,1186
1394,42,32,33,32,68,1187
1395,42,32,33,32,68,1188
1396,42,32,33,32,68,1189
1397,42,32,33,32,68,1190
1398,42,32,33,32,68,1191
1399,42,32,33,32,68,1192
1400,42,32,33,32,68,1193
1401,42,32,33,32,68,1194
1402,42,32,33,32,68,1195
1403,42,32,33,32,68,1196
1404,42,32,33,32,68,1197
1405,42,32,33,32,68,1198
1406,42,32,33,32,68,1199
1407,42,32,33,32,68,1200
1408,42,32,33,32,68,1201
1409,42,32,33,32,68,1202
1410,42,32,33,32,68,1203
1411,42,32,33,32,68,1204
1412,42,32,33,32,68,1205
1413,42,32,33,32,68,1206
1414,42,32,33,32,68,1207
1415,42,32,33,32,68,1208
1416,42,32,33,32,68,1209
1417,42,32,33,32,68,1210
1418,42,32,33,32,68,1211
1419,42,32,33,32,68,1212
1420,42,32,33,32,68,1213
1421,42,32,33,32,68,1214
1422,42,32,33,32,68,1215
1423,42,32,33,32,68,1216
1424,42,32,33,32,68,1217
1425,42,32,33,32,68,1218
1426,42,32,33,32,68,1219
1427,42,32,33,32,68,1220
1428,42,32,33,32,68,1221
1429,42,32,33,32,68,1222
1430,42,32,33,32,68,1223
1431,42,32,33,32,68,1224
1432,42,32,33,32,68,1225
1433,42,32,33,32,68,1226
1434,42,32,33,32,68,1227
1435,42,32,33,32,68,1228
1436,42,32,33,32,68,1229
1437,42,32,33,32,68,1230
1438,42,32,33,32,68,1231
1439,42,32,33,32,68,1232
1440,42,32,33,32,68,1233
1441,42,32,33,32,68,1234
1442,42,32,33,32,68,1235
1443,42,32,33,32,68,1236
1444,42,32,33,32,68,1237
1445,42,32,33,32,68,1238
1446,42,32,33,32,68,1239
1447,42,32,33,32,68,1240
1448,42,32,33,32,68,1241
1449,42,32,33,32,68,1242
1450,42,32,33,32,68,1243
1451,42,32,33,32,68,1244
1452,42,32,33,32,68,1245
1453,42,32,33,32,68,1246
1454,42,32,33,32,68,1247
1455,42,32,33,32,68,1248
1456,42,32,33,32,68,1249
1457,42,32,33,32,68,1250
1458,42,32,33,32,68,1251
1459,42,32,33,32,68,1252
1460,42,32,33,32,68,1253
1461,42,32,33,32,68,1254
1462,42,32,33,32,68,1255
1463,42,32,33,32,68,1256
1464,42,32,33,32,68,1257
1465,42,32,33,32,68,1258
1466,42,32,33,32,68,1259
1467,42,32,33,32,68,1260
1468,42,32,33,32,68,1261
1469,42,32,33,32,68,1262
1470,42,32,33,32,68,1263
1471,42,32,33,32,68,1264
1472,42,32,33,32,68,1265
1473,42,32,33,32,68,1266
1474,42,32,33,32,68,1267
1475,42,32,33,32,68,1268
1476,42,32,33,32,68,1269
1477,42,32,33,32,68,1270
1478,42,32,33,32,68,1271
1479,42,32,33,32,68,1272
1480,42,32,33,32,68,1273
1481,42,32,33,32,68,1274
1482,42,32,33,32,68,1275
1483,42,32,33,32,68,1276
1484,42,32,33,32,68,1277
1485,42,32,33,32,68,1278
1486,42,32,33,32,68,1279
1487,42,32,33,32,68,1280
1488,42,32,33,32,68,1281
1489,42,32,33,32,68,1282
1490,42,32,33,32,68,1283
1491,42,32,33,32,68,1284
1492,42,32,33,32,68,1285
1493,42,32,33,32,68,1286
1494,42,32,33,32,68,1287
1495,42,32,33,32,68,1288
1496,42,32,33,32,68,1289
1497,42,32,33,32,68,1290
1498,42,32,33,32,68,1291
1499,42,32,33,32,68,1292
1500,42,32,33,32,68,1293
1501,42,32,33,32,68,1294
1502,42,32,33,32,68,1295
1503,42,32,33,32,68,1296
1504,42,32,33,32,68,1297
1505,42,32,33,32,68,1298
1506,42,32,33,32,68,1299
1507,42,32,33,32,68,1300
1508,42,32,33,32,68,1301
1509,42,32,33,32,68,1302
1510,42,32,33,32,68,1303
1511,42,32,33,32,68,1304
1512,42,32,33,32,68,1305
1513,42,32,33,32,68,1306
1514,42,32,33,32,68,1307
1515,42,32,33,32,68,1308
1516,42,32,33,32,68,1309
1517,42,32,33,32,68,1310
1518,42,32,33,32,68,1311
1519,42,32,33,32,68,1312
1520,42,32,33,32,68,1313
1521,42,32,33,32,68,1314
1522,42,32,33,32,68,1315
1523,42,32,33,32,68,1316
1524,42,32,33,32,68,1317
1525,42,32,33,32,68,1318
1526,42,32,33,32,68,1319
1527,42,32,33,32,68,1320
1528,42,32,33,32,68,1321
1529,42,32,33,32,68,1322
1530,42,32,33,32,68,1323
1531,42,32,33,32,68,1324
1532,42,32,33,32,68,1325
1533,42,32,33,32,68,1326
1534,42,32,33,32,68,1327
1535,42,32,33,32,68,1328
1536,42,32,33,32,68,1329
1537,42,32,33,32,68,1330
1538,42,32,33,32,68,1331
1539,42,32,33,32,68,1332
1540,42,32,33,32,68,1333
1541,42,32,33,32,68,1334
1542,42,32,33,32,68,1335
1543,42,32,33,32,68,1336
1544,42,32,33,32,68,1337
1545,42,32,33,32,68,1338
1546,42,32,33,32,68,1339
1547,42,32,33,32,68,1340
1548,42,32,33,32,68,1341
1549,42,32,33,32,68,1342
1550,42,32,33,32,68,1343
1551,42,32,33,32,68,1344
1552,42,32,33,32,68,1345
1553,42,32,33,32,68,1346
1554,42,32,33,32,68,1347
1555,42,32,33,32,68,1348
1556,42,32,33,32,68,1349
1557,42,32,33,32,68,1350
1558,42,32,33,32,68,1351
1559,42,32,33,32,68,1352
1560,42,32,33,32,68,1353
1561,42,32,33,32,68,1354
1562,42,32,33,32,68,1355
1563,42,32,33,32,68,1356
1564,42,32,33,32,68,1357
1565,42,32,33,32,68,1358
1566,42,32,33,32,68,1359
1567,42,32,33,32,68,1360
1568,42,32,33,32,68,1361
1569,42,32,33,32,68,1362
1570,42,32,33,32,68,1363
1571,42,32,33,32,68,1364
1572,42,32,33,32,68,1365
1573,42,32,33,32,68,1366
1574,42,32,33,32,68,1367
1575,42,32,33,32,68,1368
1576,42,32,33,32,68,1369
1577,42,32,33,32,68,1370
1578,42,32,33,32,68,1371
1579,42,32,33,32,68,1372
1580,42,32,33,32,68,1373
1581,42,32,33,32,68,1374
1582,42,32,33,32,68,1375
1583,42,32,33,32,68,1376
1584,42,32,33,32,68,1377
1585,42,32,33,32,68,1378
1586,42,32,33,32,68,1379
1587,42,32,33,32,68,1380
1588,42,32,33,32,68,1381
1589,42,32,33,32,68,1382
1590,42,32,33,32,68,1383
1591,42,32,33,32,68,1384
1592,42,32,33,32,68,1385
1593,42,32,33,32,68,1386
1594,42,32,33,32,68,1387
1595,42,32,33,32,68,1388
1596,42,32,33,32,68,1389
1597,42,32,33,32,68,1390
1598,42,32,33,32,68,1391
1599,42,32,33,32,68,1392
1600,42,32,33,32,68,1393
1601,42,32,33,32,68,1394
1602,42,32,33,32,68,1395
1603,42,32,33,32,68,1396
1604,42,32,33,32,68,1397
1605,42,32,33,32,68,1398
1606,42,32,33,32,68,1399
1607,42,32,33,32,68,1400
1608,42,32,33,32,68,1401
1609,42,32,33,32,68,1402
1610,42,32,33,32,68,1403
1611,42,32,33,32,68,1404
1612,42,32,33,32,68,1405
1613,42,32,33,32,68,1406
1614,42,32,33,32,68,1407
1615,42,32,33,32,68,1408
1616,42,32,33,32,68,1409
1617,42,32,33,32,68,1410
1618,42,32,33,32,68,1411
1619,42,32,33,32,68,1412
1620,42,32,33,32,68,1413
1621,42,32,33,32,68,1414
1622,42,32,33,32,68,1415
1623,42,32,33,32,68,1416
1624,42,32,33,32,68,1417
1625,42,32,33,32,68,1418
1626,42,32,33,32,68,1419
1627,42,32,33,32,68,1420
1628,42,32,33,32,68,1421
1629,42,32,33,32,68,1422
1630,42,32,33,32,68,1423
1631,42,32,33,32,68,1424
1632,42,32,33,32,68,1425
1633,42,32,33,32,68,1426
1634,42,32,33,32,68,1427
1635,42,32,33,32,68,1428
1636,42,32,33,32,68,1429
1637,42,32,33,32,68,1430
1638,42,32,33,32,68,1431
1639,42,32,33,32,68,1432
1640,42,32,33,32,68,1433
1641,42,32,33,32,68,1434
1642,42,32,33,32,68,1435
1643,42,32,33,32,68,1436
1644,42,32,33,32,68,1437
1645,42,32,33,32,68,1438
1646,42,32,33,32,68,1439
1647,42,32,33,32,68,1440
1648,42,32,33,32,68,1441
1649,42,32,33,32,68,1442
1650,42,32,33,32,68,1443
1651,42,32,33,32,68,1444
1652,42,32,33,32,68,1445
1653,42,32,33,32,68,1446
1654,42,32,33,32,68,1447
1655,42,32,33,32,68,1448
1656,42,32,33,32,68,1449
1657,42,32,33,32,68,1450
1658,42,32,33,32,68,1451
1659,42,32,33,32,68,1452
1660,42,32,33,32,68,1453
1661,42,32,33,32,68,1454
1662,42,32,33,32,68,1455
1663,42,32,33,32,68,1456
1664,42,32,33,32,68,1457
1665,42,32,33,32,68,1458
1666,42,32,33,32,68,1459
1667,42,32,33,32,68,1460
1668,42,32,33,32,68,1461
1669,42,32,33,32,68,1462
1670,42,32,33,32,68,1463
1671,42,32,33,32,68,1464
1672,42,32,33,32,68,1465
1673,42,32,33,32,68,1466
1674,42,32,33,32,68,1467
1675,42,32,33,32,68,1468
1676,42,32,33,32,68,1469
1677,42,32,33,32,68,1470
1678,42,32,33,32,68,1471
1679,42,32,33,32,68,1472
1680,42,32,33,32,68,1473
1681,42,32,33,32,68,1474
1682,42,32,33,32,68,1475
1683,42,32,33,32,68,1476
1684,42,32,33,32,68,1477
1685,42,32,33,32,68,1478
1686,42,32,33,32,68,1479
1687,42,32,33,32,68,1480
1688,42,32,33,32,68,1481
1689,42,32,33,32,68,1482
1690,42,32,33,32,68,1483
1691,42,32,33,32,68,1484
1692,42,32,33,32,68,1485
1693,42,32,33,32,68,1486
1694,42,32,33,32,68,1487
1695,42,32,33,32,68,1488
1696,42,32,33,32,68,1489
1697,42,32,33,32,68,1490
1698,42,32,33,32,68,1491
1699,42,32,33,32,68,1492
1700,42,32,33,32,68,1493
1701,42,32,33,32,68,1494
1702,42,32,33,32,68,1495
1703,42,32,33,32,68,1496
1704,42,32,33,32,68,1497
1705,42,32,33,32,68,1498
1706,42,32,33,32,68,1499
1707,42,32,33,32,68,1500
1708,42,32,33,32,68,1501
1709,42,32,33,32,68,1502
1710,42,32,33,32,68,1503
1711,42,32,33,32,68,1504
1712,42,32,33,32,68,1505
1713,42,32,33,32,68,1506
1714,42,32,33,32,68,1507
1715,42,32,33,32,68,1508
1716,42,32,33,32,68,1509
1717,42,32,33,32,68,1510
1718,42,32,33,32,68,1511
1719,42,32,33,32,68,1512
1720,42,32,33,32,68,1513
1721,42,32,33,32,68,1514
1722,42,32,33,32,68,1515
1723,42,32,33,32,68,1516
1724,42,32,33,32,68,1517
1725,42,32,33,32,68,1518
1726,42,32,33,32,68,1519
1727,42,32,33,32,68,1520
1728,42,32,33,32,68,1521
1729,42,32,33,32,68,1522
1730,42,32,33,32,68,1523
1731,42,32,33,32,68,1524
1732,42,32,33,32,68,1525
1733,42,32,33,32,68,1526
1734,42,32,33,32,68,1527
1735,42,32,33,32,68,1528
1736,42,32,33,32,68,1529
1737,42,32,33,32,68,1530
1738,42,32,33,32,68,1531
1739,42,32,33,32,68,1532
1740,42,32,33,32,68,1533
1741,42,32,33,32,68,1534
1742,42,32,33,32,68,1535
1743,42,32,33,32,68,1536
1744,42,32,33,32,68,1537
1745,42,32,33,32,68,1538
1746,42,32,33,32,68,1539
1747,42,32,33,32,68,1540
1748,42,32,33,32,68,1541
1749,42,32,33,32,68,1542
1750,42,32,33,32,68,1543
1751,42,32,33,32,68,1544
1752,42,32,33,32,68,1545
1753,42,32,33,32,68,1546
1754,42,32,33,32,68,1547
1755,42,32,33,32,68,1548
1756,42,32,33,32,68,1549
1757,42,32,33,32,68,1550
1758,42,32,33,32,68,1551
1759,42,32,33,32,68,1552
1760,42,32,33,32,68,1553
1761,42,32,33,32,68,1554
1762,42,32,33,32,68,1555
1763,42,32,33,32,68,1556
1764,42,32,33,32,68,1557
1765,42,32,33,32,68,1558
1766,42,32,33,32,68,1559
1767,42,32,33,32,68,1560
1768,42,32,33,32,68,1561
1769,42,32,33,32,68,1562
1770,42,32,33,32,68,1563
1771,42,32,33,32,68,1564
1772,42,32,33,32,68,1565
1773,42,32,33,32,68,1566
1774,42,32,33,32,68,1567
1775,42,32,33,32,68,1568
1776,42,32,33,32,68,1569
1777,42,32,33,32,68,1570
1778,42,32,33,32,68,1571
1779,42,32,33,32,68,1572
1780,42,32,33,32,68,1573
1781,42,32,33,32,68,1574
1782,42,32,33,32,68,1575
1783,42,32,33,32,68,1576
1784,42,32,33,32,68,1577
1785,42,32,33,32,68,1578
1786,42,32,33,32,68,1579
1787,42,32,33,32,68,1580
1788,42,32,33,32,68,1581
1789,42,32,33,32,68,1582
1790,42,32,33,32,68,1583
1791,42,32,33,32,68,1584
1792,42,32,33,32,68,1585
1793,42,32,33,32,68,1586
1794,42,32,33,32,68,1587
1795,42,32,33,32,68,1588
1796,42,32,33,32,68,1589
1797,42,32,33,32,68,1590
1798,42,32,33,32,68,1591
1799,42,32,33,32,68,1592
1800,42,32,33,32,68,1593
1801,42,32,33,32,68,1594
1802,42,32,33,32,68,1595
1803,42,32,33,32,68,1596
1804,42,32,33,32,68,1597
1805,42,32,33,32,68,1598
1806,42,32,33,32,68,1599
1807,42,32,33,32,68,1600
1808,42,32,33,32,68,1601
1809,42,32,33,32,68,1602
1810,42,32,33,32,68,1603
1811,42,32,33,32,68,1604
1812,42,32,33,32,68,1605
1813,42,32,33,32,68,1606
1814,42,32,33,32,68,1607
1815,42,32,33,32,68,1608
1816,42,32,33,32,68,1609
1817,42,32,33,32,68,1610
1818,42,32,33,32,68,1611
1819,42,32,33,32,68,1612
1820,42,32,33,32,68,1613
1821,42,32,33,32,68,1614
1822,42,32,33,32,68,1615
1823,42,32,33,32,68,1616
1824,42,32,33,32,68,1617
1825,42,32,33,32,68,1618
1826,42,32,33,32,68,1619
1827,42,32,33,32,68,1620
1828,42,32,33,32,68,1621
1829,42,32,33,32,68,1622
1830,42,32,33,32,68,1623
1831,42,32,33,32,68,1624
1832,42,32,33,32,68,1625
1833,42,32,33,32,68,1626
1834,42,32,33,32,68,1627
1835,42,32,33,32,68,1628
1836,42,32,33,32,68,1629
1837,42,32,33,32,68,1630
1838,42,32,33,32,68,1631
1839,42,32,33,32,68,1632
1840,42,32,33,32,68,1633
1841,42,32,33,32,68,1634
1842,42,32,33,32,68,1635
1843,42,32,33,32,68,1636
1844,42,32,33,32,68,1637
1845,42,32,33,32,68,1638
1846,42,32,33,32,68,1639
1847,42,32,33,32,68,1640
1848,42,32,33,32,68,1641
1849,42,32,33,32,68,1642
1850,42,32,33,32,68,1643
1851,42,32,33,32,68,1644
1852,42,32,33,32,68,1645
1853,42,32,33,32,68,1646
1854,42,32,33,32,68,1647
1855,42,32,33,32,68,1648
1856,42,32,33,32,68,1649
1857,42,32,33,32,68,1650
1858,42,32,33,32,68,1651
1859,42,32,33,32,68,1652
1860,42,32,33,32,68,1653
1861,42,32,33,32,68,1654
1862,42,32,33,32,68,1655
1863,42,32,33,32,68,1656
1864,42,32,33,32,68,1657
1865,42,32,33,32,68,1658
1866,42,32,33,32,68,1659
1867,42,32,33,32,68,1660
1868,42,32,33,32,68,1661
1869,42,32,33,32,68,1662
1870,42,32,33,32,68,1663
1871,42,32,33,32,68,1664
1872,42,32,33,32,68,1665
1873,42,32,33,32,68,1666
1874,42,32,33,32,68,1667
1875,42,32,33,32,68,1668
1876,42,32,33,32,68,1669
1877,42,32,33,32,68,1670
1878,42,32,33,32,68,1671
1879,42,32,33,32,68,1672
1880,42,32,33,32,68,1673
1881,42,32,33,32,68,1674
1882,42,32,33,32,68,1675
1883,42,32,33,32,68,1676
1884,42,32,33,32,68,1677
1885,42,32,33,32,68,1678
1886,42,32,33,32,68,1679
1887,42,32,33,32,68,1680
1888,42,32,33,32,68,1681
1889,42,32,33,32,68,1682
1890,42,32,33,32,68,1683
1891,42,32,33,32,68,1684
1892,42,32,33,32,68,1685
1893,42,32,33,32,68,1686
1894,42,32,33,32,68,1687
1895,42,32,33,32,68,1688
1896,42,32,33,32,68,1689
1897,42,32,33,32,68,1690
1898,42,32,33,32,68,1691
1899,42,32,33,32,68,1692
1900,42,32,33,32,68,1693
1901,42,32,33,32,68,1694
1902,42,32,33,32,68,1695
1903,42,32,33,32,68,1696
1904,42,32,33,32,68,1697
1905,42,32,33,32,68,1698
1906,42,32,33,32,68,1699
1907,42,32,33,32,68,1700
1908,42,32,33,32,68,1701
1909,42,32,33,32,68,1702
1910,42,32,33,32,68,1703
1911,42,32,33,32,68,1704
1912,42,32,33,32,68,1705
1913,42,32,33,32,68,1706
1914,42,32,33,32,68,1707
1915,42,32,33,32,68,1708
1916,42,32,33,32,68,1709
1917,42,32,33,32,68,1710
1918,42,32,33,32,68,1711
1919,42,32,33,32,68,1712
1920,42,32,33,32,68,1713
1921,42,32,33,32,68,1714
1922,42,32,33,32,68,1715
1923,42,32,33,32,68,1716
1924,42,32,33,32,68,1717
1925,42,32,33,32,68,1718
1926,42,32,33,32,68,1719
1927,42,32,33,32,68,1720
1928,42,32,33,32,68,1721
1929,42,32,33,32,68,1722
1930,42,32,33,32,68,1723
1931,42,32,33,32,68,1724
1932,42,32,33,32,68,1725
1933,42,32,33,32,68,1726
1934,42,32,33,32,68,1727
1935,42,32,33,32,68,1728
1936,42,32,33,32,68,1729
1937,42,32,33,32,68,1730
1938,42,32,33,32,68,1731
1939,42,32,33,32,68,1732
1940,42,32,33,32,68,1733
1941,42,32,33,32,68,1734
1942,42,32,33,32,68,1735
1943,42,32,33,32,68,1736
1944,42,32,33,32,68,1737
1945,42,32,33,32,68,1738
1946,42,32,33,32,68,1739
1947,42,32,33,32,68,1740
1948,42,32,33,32,68,1741
1949,42,32,33,32,68,1742
1950,42,32,33,32,68,1743
1951,42,32,33,32,68,1744
1952,42,32,33,32,68,1745
1953,42,32,33,32,68,1746
1954,42,32,33,32,68,1747
1955,42,32,33,32,68,1748
1956,42,32,33,32,68,1749
1957,42,32,33,32,68,1750
1958,42,32,33,32,68,1751
1959,42,32,33,32,68,1752
1960,42,32,33,32,68,1753
1961,42,32,33,32,68,1754
1962,42,32,33,32,68,1755
1963,42,32,33,32,68,1756
1964,42,32,33,32,68,1757
1965,42,32,33,32,68,1758
1966,42,32,33,32,68,1759
1967,42,32,33,32,68,1760
1968,42,32,33,32,68,1761
1969,42,32,33,32,68,1762
1970,42,32,33,32,68,1763
1971,42,32,33,32,68,1764
1972,42,32,33,32,68,1765
1973,42,32,33,32,68,1766
1974,42,32,33,32,68,1767
1975,42,32,33,32,68,1768
1976,42,32,33,32,68,1769
1977,42,32,33,32,68,1770
1978,42,32,33,32,68,1771
1979,42,32,33,32,68,1772
1980,42,32,33,32,68,1773
1981,42,32,33,32,68,1774
1982,42,32,33,32,68,1775
1983,42,32,33,32,68,1776
1984,42,32,33,32,68,1777
1985,42,32,33,32,68,1778
1986,42,32,33,32,68,1779
1987,42,32,33,32,68,1780
1988,42,32,33,32,68,1781
1989,42,32,33,32,68,1782
1990,42,32,33,32,68,1783
1991,42,32,33,32,68,1784
1992,42,32,33,32,68,1785
1993,42,32,33,32,68,1786
1994,42,32,33,32,68,1787
1995,42,32,33,32,68,1788
1996,42,32,33,32,68,1789
1997,42,32,33,32,68,1790
1998,42,32,33,32,68,1791
1999,42,32,33,32,68,1792
2000,42,32,33,32,68,1793
