episode,steps_total,steps_mean,reward_total,reward_mean,epsilon,step_count
0,958,95.8,1.0,0.1,0.2,2442
1,917,91.7,1.0,0.1,0.1995,2542
2,921,92.1,1.0,0.1,0.199,2606
3,904,90.4,1.0,0.1,0.1985,2649
4,910,91.0,1.0,0.1,0.198,2710
5,909,90.9,1.0,0.1,0.1975,2784
6,927,92.7,1.0,0.1,0.197,2851
7,935,93.5,1.0,0.1,0.1965,2927
8,886,88.6,2.0,0.2,0.196,2963
9,905,90.5,1.0,0.1,0.1955,3019
10,905,90.5,2.0,0.2,0.195,3044
11,927,92.7,2.0,0.2,0.1945,3072
12,915,91.5,1.0,0.1,0.194,3096
13,878,87.8,2.0,0.2,0.1935,3172
14,868,86.8,2.0,0.2,0.193,3195
15,879,87.9,2.0,0.2,0.1925,3257
16,871,87.1,2.0,0.2,0.192,3329
17,899,89.9,2.0,0.2,0.1915,3405
18,908,90.8,1.0,0.1,0.191,3439
19,836,83.6,3.0,0.3,0.1905,3446
20,851,85.1,2.0,0.2,0.19,3488
21,887,88.7,2.0,0.2,0.1895,3534
22,882,88.2,2.0,0.2,0.189,3581
23,863,86.3,2.0,0.2,0.1885,3620
24,903,90.3,1.0,0.1,0.188,3642
25,795,79.5,3.0,0.3,0.1875,3648
26,901,90.1,3.0,0.3,0.187,3690
27,866,86.6,3.0,0.3,0.1865,3711
28,913,91.3,2.0,0.2,0.186,3737
29,891,89.1,2.0,0.2,0.1855,3821
30,833,83.3,3.0,0.3,0.185,3872
31,873,87.3,2.0,0.2,0.1845,3933
32,788,78.8,3.0,0.3,0.184,4006
33,872,87.2,3.0,0.3,0.1835,4056
34,832,83.2,3.0,0.3,0.183,4105
35,781,78.1,4.0,0.4,0.1825,4187
36,930,93.0,3.0,0.3,0.182,4228
37,767,76.7,4.0,0.4,0.1815,4265
38,805,80.5,3.0,0.3,0.181,4286
39,773,77.3,4.0,0.4,0.1805,4329
40,725,72.5,4.0,0.4,0.1805,6535
41,771,77.1,4.0,0.4,0.18,6589
42,841,84.1,2.0,0.2,0.1795,6656
43,765,76.5,4.0,0.4,0.179,6696
44,722,72.2,5.0,0.5,0.1785,6739
45,746,74.6,4.0,0.4,0.178,6796
46,780,78.0,5.0,0.5,0.1775,6819
47,815,81.5,3.0,0.3,0.177,6834
48,844,84.4,4.0,0.4,0.1765,6868
49,736,73.6,5.0,0.5,0.176,6912
50,811,81.1,3.0,0.3,0.1755,6948
51,692,69.2,5.0,0.5,0.175,7006
52,703,70.3,5.0,0.5,0.1745,7083
53,656,65.6,9.0,0.9,0.174,7140
54,772,77.2,4.0,0.4,0.1735,7168
55,718,71.8,4.0,0.4,0.173,7195
56,811,81.1,6.0,0.6,0.1725,7282
57,773,77.3,4.0,0.4,0.172,7321
58,666,66.6,6.0,0.6,0.1715,7403
59,767,76.7,4.0,0.4,0.171,7455
60,709,70.9,6.0,0.6,0.1705,7499
61,771,77.1,5.0,0.5,0.17,7527
62,657,65.7,7.0,0.7,0.1695,7570
63,735,73.5,5.0,0.5,0.169,7600
64,724,72.4,4.0,0.4,0.1685,7648
65,700,70.0,5.0,0.5,0.168,7686
66,716,71.6,5.0,0.5,0.1675,7770
67,652,65.2,5.0,0.5,0.167,7777
68,571,57.1,8.0,0.8,0.1665,7822
69,574,57.4,7.0,0.7,0.166,7882
70,651,65.1,6.0,0.6,0.1655,7919
71,745,74.5,4.0,0.4,0.165,7955
72,558,55.8,6.0,0.6,0.1645,7980
73,506,50.6,8.0,0.8,0.164,8020
74,623,62.3,8.0,0.8,0.1635,8053
75,630,63.0,6.0,0.6,0.163,8094
76,584,58.4,6.0,0.6,0.1625,8116
77,687,68.7,6.0,0.6,0.162,8159
78,632,63.2,6.0,0.6,0.1615,8213
79,647,64.7,5.0,0.5,0.161,8254
80,640,64.0,8.0,0.8,0.161,11845
81,595,59.5,6.0,0.6,0.1605,11882
82,544,54.4,7.0,0.7,0.16,11915
83,583,58.3,7.0,0.7,0.1595,11961
84,689,68.9,6.0,0.6,0.159,11966
85,630,63.0,7.0,0.7,0.1585,11993
86,521,52.1,7.0,0.7,0.158,12039
87,535,53.5,7.0,0.7,0.1575,12046
88,634,63.4,5.0,0.5,0.157,12073
89,673,67.3,6.0,0.6,0.1565,12103
90,581,58.1,7.0,0.7,0.156,12134
91,654,65.4,5.0,0.5,0.1555,12173
92,577,57.7,6.0,0.6,0.155,12224
93,647,64.7,5.0,0.5,0.1545,12266
94,589,58.9,7.0,0.7,0.154,12291
95,613,61.3,8.0,0.8,0.1535,12322
96,631,63.1,6.0,0.6,0.153,12353
97,527,52.7,8.0,0.8,0.1525,12379
98,501,50.1,7.0,0.7,0.152,12447
99,536,53.6,7.0,0.7,0.1515,12484
100,485,48.5,7.0,0.7,0.151,12518
101,563,56.3,7.0,0.7,0.1505,12552
102,535,53.5,6.0,0.6,0.15,12591
103,562,56.2,9.0,0.9,0.1495,12650
104,504,50.4,7.0,0.7,0.149,12673
105,652,65.2,7.0,0.7,0.1485,12701
106,519,51.9,9.0,0.9,0.148,12718
107,581,58.1,7.0,0.7,0.1475,12783
108,522,52.2,8.0,0.8,0.147,12812
109,553,55.3,8.0,0.8,0.1465,12846
110,572,57.2,6.0,0.6,0.146,12869
111,491,49.1,8.0,0.8,0.1455,12895
112,541,54.1,8.0,0.8,0.145,12942
113,574,57.4,8.0,0.8,0.1445,12976
114,613,61.3,6.0,0.6,0.144,13005
115,461,46.1,8.0,0.8,0.1435,13013
116,447,44.7,8.0,0.8,0.143,13045
117,574,57.4,6.0,0.6,0.1425,13052
118,443,44.3,8.0,0.8,0.142,13097
119,536,53.6,7.0,0.7,0.1415,13118
120,531,53.1,8.0,0.8,0.1415,14373
121,475,47.5,8.0,0.8,0.141,14429
122,563,56.3,7.0,0.7,0.1405,14462
123,496,49.6,8.0,0.8,0.14,14467
124,553,55.3,7.0,0.7,0.1395,14492
125,566,56.6,7.0,0.7,0.139,14528
126,551,55.1,7.0,0.7,0.1385,14567
127,537,53.7,7.0,0.7,0.138,14606
128,501,50.1,8.0,0.8,0.1375,14658
129,549,54.9,7.0,0.7,0.137,14723
130,520,52.0,7.0,0.7,0.1365,14750
131,479,47.9,8.0,0.8,0.136,14772
132,504,50.4,9.0,0.9,0.1355,14804
133,556,55.6,6.0,0.6,0.135,14844
134,425,42.5,8.0,0.8,0.1345,14868
135,463,46.3,8.0,0.8,0.134,14883
136,519,51.9,8.0,0.8,0.1335,14911
137,481,48.1,8.0,0.8,0.133,14936
138,498,49.8,9.0,0.9,0.1325,14952
139,482,48.2,7.0,0.7,0.132,14985
140,433,43.3,8.0,0.8,0.1315,15008
141,482,48.2,8.0,0.8,0.131,15047
142,500,50.0,7.0,0.7,0.1305,15069
143,393,39.3,8.0,0.8,0.13,15104
144,459,45.9,8.0,0.8,0.1295,15154
145,477,47.7,7.0,0.7,0.129,15193
146,504,50.4,8.0,0.8,0.1285,15208
147,417,41.7,8.0,0.8,0.128,15241
148,394,39.4,9.0,0.9,0.1275,15260
149,389,38.9,9.0,0.9,0.127,15292
150,395,39.5,9.0,0.9,0.1265,15340
151,541,54.1,7.0,0.7,0.126,15364
152,406,40.6,9.0,0.9,0.1255,15398
153,424,42.4,8.0,0.8,0.125,15453
154,455,45.5,8.0,0.8,0.1245,15491
155,491,49.1,8.0,0.8,0.124,15519
156,397,39.7,9.0,0.9,0.1235,15538
157,490,49.0,8.0,0.8,0.123,15638
158,473,47.3,8.0,0.8,0.1225,15645
159,487,48.7,8.0,0.8,0.122,15681
160,429,42.9,8.0,0.8,0.122,16826
161,489,48.9,7.0,0.7,0.1215,16858
162,438,43.8,9.0,0.9,0.121,16883
163,377,37.7,9.0,0.9,0.1205,16914
164,443,44.3,8.0,0.8,0.12,16956
165,312,31.2,10.0,1.0,0.1195,16988
166,470,47.0,7.0,0.7,0.119,17017
167,488,48.8,8.0,0.8,0.1185,17047
168,399,39.9,9.0,0.9,0.118,17068
169,401,40.1,8.0,0.8,0.1175,17110
170,385,38.5,9.0,0.9,0.117,17210
171,416,41.6,8.0,0.8,0.1165,17223
172,404,40.4,8.0,0.8,0.116,17227
173,427,42.7,8.0,0.8,0.1155,17249
174,440,44.0,8.0,0.8,0.115,17305
175,429,42.9,8.0,0.8,0.1145,17343
176,360,36.0,9.0,0.9,0.114,17380
177,426,42.6,8.0,0.8,0.1135,17437
178,340,34.0,9.0,0.9,0.113,17461
179,423,42.3,8.0,0.8,0.1125,17510
180,365,36.5,9.0,0.9,0.112,17557
181,407,40.7,8.0,0.8,0.1115,17589
182,400,40.0,8.0,0.8,0.111,17592
183,419,41.9,8.0,0.8,0.1105,17632
184,401,40.1,9.0,0.9,0.11,17676
185,406,40.6,9.0,0.9,0.1095,17776
186,386,38.6,8.0,0.8,0.109,17806
187,392,39.2,9.0,0.9,0.1085,17841
188,337,33.7,9.0,0.9,0.108,17842
189,397,39.7,8.0,0.8,0.1075,17856
190,405,40.5,9.0,0.9,0.107,17881
191,382,38.2,10.0,1.0,0.1065,17924
192,384,38.4,8.0,0.8,0.106,17944
193,368,36.8,9.0,0.9,0.1055,17962
194,402,40.2,8.0,0.8,0.105,17990
195,427,42.7,8.0,0.8,0.1045,18023
196,338,33.8,9.0,0.9,0.104,18051
197,373,37.3,10.0,1.0,0.1035,18089
198,358,35.8,9.0,0.9,0.103,18118
199,329,32.9,9.0,0.9,0.1025,18125
200,379,37.9,9.0,0.9,0.1025,18159
201,391,39.1,8.0,0.8,0.102,18259
202,396,39.6,8.0,0.8,0.1015,18289
203,386,38.6,8.0,0.8,0.101,18389
204,398,39.8,8.0,0.8,0.1005,18420
205,401,40.1,8.0,0.8,0.1,18444
206,369,36.9,9.0,0.9,0.0995,18475
207,429,42.9,8.0,0.8,0.099,18575
208,415,41.5,8.0,0.8,0.0985,18580
209,383,38.3,9.0,0.9,0.098,18588
210,427,42.7,8.0,0.8,0.0975,18603
211,429,42.9,10.0,1.0,0.097,18640
212,388,38.8,8.0,0.8,0.0965,18660
213,391,39.1,9.0,0.9,0.096,18680
214,372,37.2,9.0,0.9,0.0955,18692
215,351,35.1,10.0,1.0,0.095,18709
216,361,36.1,10.0,1.0,0.0945,18718
217,374,37.4,9.0,0.9,0.094,18742
218,351,35.1,9.0,0.9,0.0935,18773
219,435,43.5,8.0,0.8,0.093,18800
220,400,40.0,8.0,0.8,0.0925,18900
221,413,41.3,8.0,0.8,0.092,18928
222,347,34.7,10.0,1.0,0.0915,18958
223,371,37.1,10.0,1.0,0.091,18982
224,398,39.8,8.0,0.8,0.0905,19007
225,413,41.3,9.0,0.9,0.09,19042
226,407,40.7,8.0,0.8,0.0895,19069
227,415,41.5,8.0,0.8,0.089,19090
228,402,40.2,9.0,0.9,0.0885,19110
229,396,39.6,8.0,0.8,0.088,19152
230,399,39.9,9.0,0.9,0.0875,19172
231,396,39.6,8.0,0.8,0.087,19208
232,394,39.4,10.0,1.0,0.0865,19238
233,385,38.5,8.0,0.8,0.086,19273
234,359,35.9,9.0,0.9,0.0855,19293
235,378,37.8,9.0,0.9,0.085,19325
236,353,35.3,9.0,0.9,0.0845,19359
237,375,37.5,9.0,0.9,0.084,19388
238,354,35.4,9.0,0.9,0.0835,19421
239,376,37.6,9.0,0.9,0.083,19451
240,360,36.0,9.0,0.9,0.083,19551
241,381,38.1,9.0,0.9,0.0825,19579
242,394,39.4,9.0,0.9,0.082,19626
243,374,37.4,9.0,0.9,0.0815,19650
244,399,39.9,8.0,0.8,0.081,19675
245,326,32.6,10.0,1.0,0.0805,19693
246,375,37.5,9.0,0.9,0.08,19793
247,372,37.2,9.0,0.9,0.0795,19816
248,420,42.0,8.0,0.8,0.079,19860
249,400,40.0,8.0,0.8,0.0785,19888
250,407,40.7,8.0,0.8,0.078,19901
251,405,40.5,8.0,0.8,0.0775,19922
252,419,41.9,8.0,0.8,0.077,19951
253,379,37.9,9.0,0.9,0.0765,19978
254,314,31.4,10.0,1.0,0.076,20010
255,399,39.9,8.0,0.8,0.0755,20053
256,340,34.0,9.0,0.9,0.075,20056
257,395,39.5,9.0,0.9,0.0745,20078
258,412,41.2,8.0,0.8,0.074,20117
259,395,39.5,8.0,0.8,0.0735,20147
260,390,39.0,8.0,0.8,0.073,20175
261,357,35.7,9.0,0.9,0.0725,20234
262,394,39.4,8.0,0.8,0.072,20268
263,391,39.1,8.0,0.8,0.0715,20271
264,387,38.7,8.0,0.8,0.071,20296
265,376,37.6,8.0,0.8,0.0705,20336
266,368,36.8,9.0,0.9,0.07,20352
267,384,38.4,8.0,0.8,0.0695,20363
268,390,39.0,8.0,0.8,0.069,20390
269,357,35.7,9.0,0.9,0.0685,20393
270,390,39.0,9.0,0.9,0.068,20418
271,379,37.9,9.0,0.9,0.0675,20518
272,375,37.5,9.0,0.9,0.067,20534
273,365,36.5,9.0,0.9,0.0665,20553
274,387,38.7,9.0,0.9,0.066,20579
275,388,38.8,8.0,0.8,0.0655,20610
276,344,34.4,9.0,0.9,0.065,20635
277,394,39.4,8.0,0.8,0.0645,20660
278,392,39.2,8.0,0.8,0.064,20691
279,325,32.5,10.0,1.0,0.0635,20791
280,386,38.6,8.0,0.8,0.0635,20807
281,393,39.3,8.0,0.8,0.063,20844
282,309,30.9,10.0,1.0,0.0625,20868
283,392,39.2,8.0,0.8,0.062,20899
284,397,39.7,8.0,0.8,0.0615,20919
285,396,39.6,8.0,0.8,0.061,20944
286,363,36.3,9.0,0.9,0.0605,20978
287,330,33.0,9.0,0.9,0.06,21015
288,323,32.3,10.0,1.0,0.0595,21115
289,323,32.3,10.0,1.0,0.059,21124
290,284,28.4,10.0,1.0,0.0585,21158
291,362,36.2,9.0,0.9,0.058,21191
292,326,32.6,9.0,0.9,0.0575,21245
293,336,33.6,9.0,0.9,0.057,21322
294,326,32.6,10.0,1.0,0.0565,21351
295,377,37.7,8.0,0.8,0.056,21381
296,329,32.9,10.0,1.0,0.0555,21400
297,343,34.3,10.0,1.0,0.055,21425
298,376,37.6,9.0,0.9,0.0545,21458
299,311,31.1,10.0,1.0,0.054,21474
300,287,28.7,10.0,1.0,0.0535,21486
301,355,35.5,9.0,0.9,0.053,21490
302,359,35.9,9.0,0.9,0.0525,21514
303,312,31.2,9.0,0.9,0.052,21534
304,310,31.0,9.0,0.9,0.0515,21561
305,329,32.9,9.0,0.9,0.051,21602
306,381,38.1,8.0,0.8,0.0505,21637
307,339,33.9,9.0,0.9,0.05,21654
308,332,33.2,9.0,0.9,0.0495,21673
309,319,31.9,9.0,0.9,0.049,21691
310,316,31.6,9.0,0.9,0.0485,21725
311,342,34.2,9.0,0.9,0.048,21745
312,310,31.0,9.0,0.9,0.0475,21770
313,311,31.1,9.0,0.9,0.047,21799
314,367,36.7,9.0,0.9,0.0465,21834
315,383,38.3,8.0,0.8,0.046,21856
316,380,38.0,8.0,0.8,0.0455,21877
317,375,37.5,9.0,0.9,0.045,21908
318,315,31.5,10.0,1.0,0.0445,21937
319,378,37.8,8.0,0.8,0.044,21970
320,259,25.9,10.0,1.0,0.044,21982
321,348,34.8,9.0,0.9,0.0435,22012
322,383,38.3,8.0,0.8,0.043,22033
323,315,31.5,9.0,0.9,0.0425,22038
324,317,31.7,10.0,1.0,0.042,22060
325,362,36.2,9.0,0.9,0.0415,22092
326,375,37.5,9.0,0.9,0.041,22127
327,350,35.0,10.0,1.0,0.0405,22162
328,379,37.9,8.0,0.8,0.04,22189
329,340,34.0,10.0,1.0,0.0395,22213
330,358,35.8,9.0,0.9,0.039,22232
331,365,36.5,9.0,0.9,0.0385,22261
332,331,33.1,9.0,0.9,0.038,22293
333,316,31.6,9.0,0.9,0.0375,22295
334,365,36.5,10.0,1.0,0.037,22323
335,305,30.5,10.0,1.0,0.0365,22343
336,369,36.9,9.0,0.9,0.036,22364
337,355,35.5,9.0,0.9,0.0355,22402
338,352,35.2,9.0,0.9,0.035,22502
339,379,37.9,8.0,0.8,0.0345,22528
340,335,33.5,9.0,0.9,0.034,22557
341,328,32.8,9.0,0.9,0.0335,22583
342,341,34.1,9.0,0.9,0.033,22617
343,366,36.6,9.0,0.9,0.0325,22717
344,314,31.4,9.0,0.9,0.032,22751
345,376,37.6,8.0,0.8,0.0315,22755
346,377,37.7,8.0,0.8,0.031,22774
347,309,30.9,10.0,1.0,0.0305,22803
348,376,37.6,8.0,0.8,0.03,22817
349,339,33.9,9.0,0.9,0.0295,22844
350,342,34.2,10.0,1.0,0.029,22873
351,314,31.4,9.0,0.9,0.0285,22890
352,364,36.4,9.0,0.9,0.028,22910
353,376,37.6,9.0,0.9,0.0275,22937
354,376,37.6,8.0,0.8,0.027,22944
355,376,37.6,8.0,0.8,0.0265,22971
356,376,37.6,8.0,0.8,0.026,22991
357,318,31.8,9.0,0.9,0.0255,23024
358,344,34.4,9.0,0.9,0.025,23052
359,368,36.8,9.0,0.9,0.0245,23055
360,327,32.7,9.0,0.9,0.0245,23078
361,376,37.6,8.0,0.8,0.024,23123
362,310,31.0,9.0,0.9,0.0235,23171
363,344,34.4,9.0,0.9,0.023,23191
364,315,31.5,9.0,0.9,0.0225,23225
365,263,26.3,10.0,1.0,0.022,23235
366,311,31.1,9.0,0.9,0.0215,23257
367,314,31.4,9.0,0.9,0.021,23290
368,361,36.1,9.0,0.9,0.0205,23319
369,322,32.2,9.0,0.9,0.02,23334
370,298,29.8,10.0,1.0,0.0195,23358
371,321,32.1,9.0,0.9,0.019,23380
372,310,31.0,9.0,0.9,0.0185,23403
373,333,33.3,9.0,0.9,0.018,23437
374,328,32.8,10.0,1.0,0.0175,23467
375,313,31.3,9.0,0.9,0.017,23490
376,345,34.5,9.0,0.9,0.0165,23509
377,328,32.8,9.0,0.9,0.016,23535
378,324,32.4,10.0,1.0,0.0155,23569
379,310,31.0,9.0,0.9,0.015,23588
380,266,26.6,10.0,1.0,0.0145,23616
381,294,29.4,10.0,1.0,0.014,23647
382,316,31.6,9.0,0.9,0.0135,23665
383,309,30.9,10.0,1.0,0.013,23683
384,343,34.3,9.0,0.9,0.0125,23714
385,299,29.9,10.0,1.0,0.012,23744
386,331,33.1,9.0,0.9,0.0115,23749
387,264,26.4,10.0,1.0,0.011,23774
388,325,32.5,9.0,0.9,0.0105,23803
389,321,32.1,9.0,0.9,0.01,23831
390,313,31.3,9.0,0.9,0.0095,23860
391,318,31.8,9.0,0.9,0.009,23876
392,310,31.0,9.0,0.9,0.0085,23919
393,311,31.1,9.0,0.9,0.008,23946
394,299,29.9,10.0,1.0,0.0075,23977
395,314,31.4,9.0,0.9,0.007,23997
396,284,28.4,10.0,1.0,0.0065,24097
397,311,31.1,9.0,0.9,0.006,24130
398,311,31.1,10.0,1.0,0.0055,24155
399,312,31.2,9.0,0.9,0.005,24179
400,310,31.0,9.0,0.9,0.005,24207
401,257,25.7,10.0,1.0,0.0045,24307
402,267,26.7,10.0,1.0,0.004,24340
403,310,31.0,9.0,0.9,0.0035,24366
404,314,31.4,9.0,0.9,0.003,24399
405,311,31.1,9.0,0.9,0.0025,24401
406,311,31.1,9.0,0.9,0.002,24434
407,310,31.0,9.0,0.9,0.0015,24455
408,287,28.7,10.0,1.0,0.001,24492
409,268,26.8,10.0,1.0,0.0005,24503
410,287,28.7,10.0,1.0,0.0005,24530
411,310,31.0,9.0,0.9,0.0005,24532
412,311,31.1,9.0,0.9,0.0005,24563
413,312,31.2,9.0,0.9,0.0005,24566
414,311,31.1,9.0,0.9,0.0005,24584
415,311,31.1,9.0,0.9,0.0005,24644
416,314,31.4,9.0,0.9,0.0005,24663
417,310,31.0,10.0,1.0,0.0005,24680
418,310,31.0,9.0,0.9,0.0005,24712
419,299,29.9,10.0,1.0,0.0005,24736
420,265,26.5,10.0,1.0,0.0005,24755
421,310,31.0,9.0,0.9,0.0005,24783
422,310,31.0,9.0,0.9,0.0005,24807
423,308,30.8,10.0,1.0,0.0005,24825
424,310,31.0,9.0,0.9,0.0005,24844
425,310,31.0,9.0,0.9,0.0005,24849
426,310,31.0,9.0,0.9,0.0005,24869
427,310,31.0,9.0,0.9,0.0005,24871
428,277,27.7,10.0,1.0,0.0005,24893
429,310,31.0,9.0,0.9,0.0005,24921
430,310,31.0,9.0,0.9,0.0005,24954
431,270,27.0,10.0,1.0,0.0005,24956
432,310,31.0,9.0,0.9,0.0005,24986
433,310,31.0,9.0,0.9,0.0005,25018
434,280,28.0,10.0,1.0,0.0005,25043
435,310,31.0,9.0,0.9,0.0005,25051
436,310,31.0,9.0,0.9,0.0005,25068
437,310,31.0,9.0,0.9,0.0005,25099
438,310,31.0,9.0,0.9,0.0005,25124
439,310,31.0,9.0,0.9,0.0005,25143
440,310,31.0,9.0,0.9,0.0005,25161
441,310,31.0,9.0,0.9,0.0005,25194
442,261,26.1,10.0,1.0,0.0005,25215
443,310,31.0,9.0,0.9,0.0005,25244
444,278,27.8,10.0,1.0,0.0005,25259
445,254,25.4,10.0,1.0,0.0005,25286
446,293,29.3,10.0,1.0,0.0005,25314
447,278,27.8,10.0,1.0,0.0005,25343
448,272,27.2,10.0,1.0,0.0005,25366
449,257,25.7,10.0,1.0,0.0005,25398
450,261,26.1,10.0,1.0,0.0005,25428
451,289,28.9,10.0,1.0,0.0005,25458
452,310,31.0,9.0,0.9,0.0005,25490
453,251,25.1,10.0,1.0,0.0005,25514
454,251,25.1,10.0,1.0,0.0005,25536
455,301,30.1,10.0,1.0,0.0005,25560
456,248,24.8,10.0,1.0,0.0005,25585
457,310,31.0,9.0,0.9,0.0005,25599
458,274,27.4,10.0,1.0,0.0005,25618
459,310,31.0,9.0,0.9,0.0005,25648
460,258,25.8,10.0,1.0,0.0005,25680
461,310,31.0,9.0,0.9,0.0005,25686
462,304,30.4,10.0,1.0,0.0005,25688
463,251,25.1,10.0,1.0,0.0005,25705
464,310,31.0,9.0,0.9,0.0005,25721
465,300,30.0,10.0,1.0,0.0005,25756
466,282,28.2,10.0,1.0,0.0005,25776
467,310,31.0,9.0,0.9,0.0005,25835
468,253,25.3,10.0,1.0,0.0005,25887
469,262,26.2,10.0,1.0,0.0005,25951
470,246,24.6,10.0,1.0,0.0005,25976
471,301,30.1,10.0,1.0,0.0005,25998
472,284,28.4,10.0,1.0,0.0005,26042
473,281,28.1,10.0,1.0,0.0005,26078
474,246,24.6,10.0,1.0,0.0005,26116
475,248,24.8,10.0,1.0,0.0005,26131
476,246,24.6,10.0,1.0,0.0005,26149
477,246,24.6,10.0,1.0,0.0005,26178
478,246,24.6,10.0,1.0,0.0005,26208
479,246,24.6,10.0,1.0,0.0005,26231
480,246,24.6,10.0,1.0,0.0005,26256
481,248,24.8,10.0,1.0,0.0005,26280
482,247,24.7,10.0,1.0,0.0005,26309
483,259,25.9,10.0,1.0,0.0005,26336
484,247,24.7,10.0,1.0,0.0005,26371
485,247,24.7,10.0,1.0,0.0005,26388
486,253,25.3,10.0,1.0,0.0005,26412
487,246,24.6,10.0,1.0,0.0005,26435
488,246,24.6,10.0,1.0,0.0005,26465
489,252,25.2,10.0,1.0,0.0005,26472
490,250,25.0,10.0,1.0,0.0005,26497
491,260,26.0,10.0,1.0,0.0005,26527
492,253,25.3,10.0,1.0,0.0005,26554
493,247,24.7,10.0,1.0,0.0005,26578
494,246,24.6,10.0,1.0,0.0005,26613
495,257,25.7,10.0,1.0,0.0005,26635
496,262,26.2,10.0,1.0,0.0005,26660
497,249,24.9,10.0,1.0,0.0005,26678
498,246,24.6,10.0,1.0,0.0005,26696
499,256,25.6,10.0,1.0,0.0005,26715
500,246,24.6,10.0,1.0,0.0005,26731
501,258,25.8,10.0,1.0,0.0005,26734
502,252,25.2,10.0,1.0,0.0005,26764
503,250,25.0,10.0,1.0,0.0005,26793
504,251,25.1,10.0,1.0,0.0005,26830
505,249,24.9,10.0,1.0,0.0005,26836
506,249,24.9,10.0,1.0,0.0005,26852
507,246,24.6,10.0,1.0,0.0005,26857
508,256,25.6,10.0,1.0,0.0005,26858
509,253,25.3,10.0,1.0,0.0005,26887
510,246,24.6,10.0,1.0,0.0005,26918
511,246,24.6,10.0,1.0,0.0005,26943
512,256,25.6,10.0,1.0,0.0005,26969
513,246,24.6,10.0,1.0,0.0005,27001
514,247,24.7,10.0,1.0,0.0005,27018
515,255,25.5,10.0,1.0,0.0005,27052
516,249,24.9,10.0,1.0,0.0005,27077
517,246,24.6,10.0,1.0,0.0005,27112
518,252,25.2,10.0,1.0,0.0005,27129
519,246,24.6,10.0,1.0,0.0005,27139
520,262,26.2,10.0,1.0,0.0005,27158
521,248,24.8,10.0,1.0,0.0005,27188
522,254,25.4,10.0,1.0,0.0005,27222
523,249,24.9,10.0,1.0,0.0005,27260
524,246,24.6,10.0,1.0,0.0005,27262
525,251,25.1,10.0,1.0,0.0005,27292
526,248,24.8,10.0,1.0,0.0005,27321
527,261,26.1,10.0,1.0,0.0005,27333
528,255,25.5,10.0,1.0,0.0005,27350
529,246,24.6,10.0,1.0,0.0005,27375
530,247,24.7,10.0,1.0,0.0005,27400
531,246,24.6,10.0,1.0,0.0005,27411
532,249,24.9,10.0,1.0,0.0005,27433
533,248,24.8,10.0,1.0,0.0005,27476
534,247,24.7,10.0,1.0,0.0005,27506
535,248,24.8,10.0,1.0,0.0005,27538
536,246,24.6,10.0,1.0,0.0005,27569
537,248,24.8,10.0,1.0,0.0005,27593
538,252,25.2,10.0,1.0,0.0005,27604
539,250,25.0,10.0,1.0,0.0005,27630
540,250,25.0,10.0,1.0,0.0005,27660
541,249,24.9,10.0,1.0,0.0005,27691
542,246,24.6,10.0,1.0,0.0005,27726
543,247,24.7,10.0,1.0,0.0005,27750
544,246,24.6,10.0,1.0,0.0005,27752
545,246,24.6,10.0,1.0,0.0005,27758
546,249,24.9,10.0,1.0,0.0005,27803
547,246,24.6,10.0,1.0,0.0005,27822
548,247,24.7,10.0,1.0,0.0005,27833
549,249,24.9,10.0,1.0,0.0005,27858
550,248,24.8,10.0,1.0,0.0005,27886
551,248,24.8,10.0,1.0,0.0005,27910
552,246,24.6,10.0,1.0,0.0005,27947
553,247,24.7,10.0,1.0,0.0005,27962
554,246,24.6,10.0,1.0,0.0005,27995
555,248,24.8,10.0,1.0,0.0005,28001
556,248,24.8,10.0,1.0,0.0005,28026
557,246,24.6,10.0,1.0,0.0005,28053
558,246,24.6,10.0,1.0,0.0005,28073
559,249,24.9,10.0,1.0,0.0005,28110
560,251,25.1,10.0,1.0,0.0005,28135
561,247,24.7,10.0,1.0,0.0005,28153
562,248,24.8,10.0,1.0,0.0005,28186
563,246,24.6,10.0,1.0,0.0005,28214
564,247,24.7,10.0,1.0,0.0005,28237
565,246,24.6,10.0,1.0,0.0005,28270
566,248,24.8,10.0,1.0,0.0005,28293
567,246,24.6,10.0,1.0,0.0005,28326
568,249,24.9,10.0,1.0,0.0005,28360
569,248,24.8,10.0,1.0,0.0005,28378
570,248,24.8,10.0,1.0,0.0005,28389
571,246,24.6,10.0,1.0,0.0005,28409
572,246,24.6,10.0,1.0,0.0005,28426
573,250,25.0,10.0,1.0,0.0005,28458
574,248,24.8,10.0,1.0,0.0005,28488
575,248,24.8,10.0,1.0,0.0005,28513
576,248,24.8,10.0,1.0,0.0005,28534
577,246,24.6,10.0,1.0,0.0005,28552
578,249,24.9,10.0,1.0,0.0005,28571
579,249,24.9,10.0,1.0,0.0005,28588
580,249,24.9,10.0,1.0,0.0005,28599
581,249,24.9,10.0,1.0,0.0005,28635
582,246,24.6,10.0,1.0,0.0005,28667
583,246,24.6,10.0,1.0,0.0005,28697
584,246,24.6,10.0,1.0,0.0005,28721
585,246,24.6,10.0,1.0,0.0005,28740
586,246,24.6,10.0,1.0,0.0005,28760
587,248,24.8,10.0,1.0,0.0005,28784
588,248,24.8,10.0,1.0,0.0005,28814
589,248,24.8,10.0,1.0,0.0005,28846
590,248,24.8,10.0,1.0,0.0005,28876
591,248,24.8,10.0,1.0,0.0005,28901
592,248,24.8,10.0,1.0,0.0005,28904
593,246,24.6,10.0,1.0,0.0005,28926
594,246,24.6,10.0,1.0,0.0005,28938
595,248,24.8,10.0,1.0,0.0005,28961
596,250,25.0,10.0,1.0,0.0005,28993
597,246,24.6,10.0,1.0,0.0005,29013
598,248,24.8,10.0,1.0,0.0005,29042
599,249,24.9,10.0,1.0,0.0005,29069
600,248,24.8,10.0,1.0,0.0005,29099
601,248,24.8,10.0,1.0,0.0005,29137
602,248,24.8,10.0,1.0,0.0005,29169
603,248,24.8,10.0,1.0,0.0005,29192
604,248,24.8,10.0,1.0,0.0005,29199
605,248,24.8,10.0,1.0,0.0005,29227
606,248,24.8,10.0,1.0,0.0005,29260
607,248,24.8,10.0,1.0,0.0005,29272
608,248,24.8,10.0,1.0,0.0005,29295
609,248,24.8,10.0,1.0,0.0005,29328
610,248,24.8,10.0,1.0,0.0005,29331
611,248,24.8,10.0,1.0,0.0005,29360
612,248,24.8,10.0,1.0,0.0005,29393
613,248,24.8,10.0,1.0,0.0005,29410
614,248,24.8,10.0,1.0,0.0005,29439
615,248,24.8,10.0,1.0,0.0005,29472
616,248,24.8,10.0,1.0,0.0005,29491
617,248,24.8,10.0,1.0,0.0005,29516
618,248,24.8,10.0,1.0,0.0005,29530
619,248,24.8,10.0,1.0,0.0005,29564
620,248,24.8,10.0,1.0,0.0005,29591
621,248,24.8,10.0,1.0,0.0005,29609
622,248,24.8,10.0,1.0,0.0005,29632
623,248,24.8,10.0,1.0,0.0005,29656
624,248,24.8,10.0,1.0,0.0005,29680
625,248,24.8,10.0,1.0,0.0005,29691
626,248,24.8,10.0,1.0,0.0005,29723
627,248,24.8,10.0,1.0,0.0005,29746
628,248,24.8,10.0,1.0,0.0005,29758
629,248,24.8,10.0,1.0,0.0005,29788
630,248,24.8,10.0,1.0,0.0005,29816
631,248,24.8,10.0,1.0,0.0005,29817
632,248,24.8,10.0,1.0,0.0005,29833
633,248,24.8,10.0,1.0,0.0005,29838
634,248,24.8,10.0,1.0,0.0005,29860
635,248,24.8,10.0,1.0,0.0005,29881
636,248,24.8,10.0,1.0,0.0005,29901
637,248,24.8,10.0,1.0,0.0005,29918
638,248,24.8,10.0,1.0,0.0005,29955
639,248,24.8,10.0,1.0,0.0005,29978
640,248,24.8,10.0,1.0,0.0005,30007
641,248,24.8,10.0,1.0,0.0005,30038
642,248,24.8,10.0,1.0,0.0005,30061
643,248,24.8,10.0,1.0,0.0005,30095
644,248,24.8,10.0,1.0,0.0005,30125
645,248,24.8,10.0,1.0,0.0005,30157
646,248,24.8,10.0,1.0,0.0005,30179
647,248,24.8,10.0,1.0,0.0005,30199
648,248,24.8,10.0,1.0,0.0005,30219
649,248,24.8,10.0,1.0,0.0005,30250
650,248,24.8,10.0,1.0,0.0005,30275
651,248,24.8,10.0,1.0,0.0005,30313
652,248,24.8,10.0,1.0,0.0005,30336
653,248,24.8,10.0,1.0,0.0005,30360
654,248,24.8,10.0,1.0,0.0005,30377
655,248,24.8,10.0,1.0,0.0005,30395
656,248,24.8,10.0,1.0,0.0005,30412
657,248,24.8,10.0,1.0,0.0005,30436
658,248,24.8,10.0,1.0,0.0005,30441
659,248,24.8,10.0,1.0,0.0005,30449
660,248,24.8,10.0,1.0,0.0005,30480
661,248,24.8,10.0,1.0,0.0005,30499
662,248,24.8,10.0,1.0,0.0005,30515
663,248,24.8,10.0,1.0,0.0005,30518
664,248,24.8,10.0,1.0,0.0005,30523
665,248,24.8,10.0,1.0,0.0005,30559
666,248,24.8,10.0,1.0,0.0005,30600
667,248,24.8,10.0,1.0,0.0005,30633
668,248,24.8,10.0,1.0,0.0005,30658
669,248,24.8,10.0,1.0,0.0005,30672
670,248,24.8,10.0,1.0,0.0005,30694
671,248,24.8,10.0,1.0,0.0005,30723
672,248,24.8,10.0,1.0,0.0005,30754
673,248,24.8,10.0,1.0,0.0005,30778
674,248,24.8,10.0,1.0,0.0005,30790
675,248,24.8,10.0,1.0,0.0005,30816
676,248,24.8,10.0,1.0,0.0005,30851
677,248,24.8,10.0,1.0,0.0005,30863
678,248,24.8,10.0,1.0,0.0005,30881
679,248,24.8,10.0,1.0,0.0005,30901
680,248,24.8,10.0,1.0,0.0005,30907
681,248,24.8,10.0,1.0,0.0005,30931
682,248,24.8,10.0,1.0,0.0005,30948
683,248,24.8,10.0,1.0,0.0005,30985
684,248,24.8,10.0,1.0,0.0005,31019
685,248,24.8,10.0,1.0,0.0005,31046
686,248,24.8,10.0,1.0,0.0005,31077
687,248,24.8,10.0,1.0,0.0005,31082
688,248,24.8,10.0,1.0,0.0005,31083
689,248,24.8,10.0,1.0,0.0005,31098
690,248,24.8,10.0,1.0,0.0005,31130
691,248,24.8,10.0,1.0,0.0005,31140
692,248,24.8,10.0,1.0,0.0005,31154
693,248,24.8,10.0,1.0,0.0005,31172
694,248,24.8,10.0,1.0,0.0005,31186
695,248,24.8,10.0,1.0,0.0005,31214
696,248,24.8,10.0,1.0,0.0005,31234
697,248,24.8,10.0,1.0,0.0005,31260
698,248,24.8,10.0,1.0,0.0005,31293
699,248,24.8,10.0,1.0,0.0005,31328
700,248,24.8,10.0,1.0,0.0005,31344
701,248,24.8,10.0,1.0,0.0005,31361
702,248,24.8,10.0,1.0,0.0005,31381
703,248,24.8,10.0,1.0,0.0005,31414
704,248,24.8,10.0,1.0,0.0005,31419
705,248,24.8,10.0,1.0,0.0005,31442
706,248,24.8,10.0,1.0,0.0005,31468
707,248,24.8,10.0,1.0,0.0005,31480
708,248,24.8,10.0,1.0,0.0005,31517
709,248,24.8,10.0,1.0,0.0005,31550
710,248,24.8,10.0,1.0,0.0005,31579
711,248,24.8,10.0,1.0,0.0005,31592
712,248,24.8,10.0,1.0,0.0005,31626
713,248,24.8,10.0,1.0,0.0005,31651
714,248,24.8,10.0,1.0,0.0005,31688
715,248,24.8,10.0,1.0,0.0005,31690
716,248,24.8,10.0,1.0,0.0005,31721
717,248,24.8,10.0,1.0,0.0005,31747
718,248,24.8,10.0,1.0,0.0005,31765
719,248,24.8,10.0,1.0,0.0005,31786
720,248,24.8,10.0,1.0,0.0005,31823
721,248,24.8,10.0,1.0,0.0005,31838
722,248,24.8,10.0,1.0,0.0005,31868
723,248,24.8,10.0,1.0,0.0005,31892
724,248,24.8,10.0,1.0,0.0005,31901
725,248,24.8,10.0,1.0,0.0005,31930
726,248,24.8,10.0,1.0,0.0005,31950
727,248,24.8,10.0,1.0,0.0005,31971
728,248,24.8,10.0,1.0,0.0005,31974
729,248,24.8,10.0,1.0,0.0005,31994
730,248,24.8,10.0,1.0,0.0005,32026
731,248,24.8,10.0,1.0,0.0005,32043
732,248,24.8,10.0,1.0,0.0005,32070
733,248,24.8,10.0,1.0,0.0005,32090
734,248,24.8,10.0,1.0,0.0005,32111
735,248,24.8,10.0,1.0,0.0005,32142
736,248,24.8,10.0,1.0,0.0005,32162
737,248,24.8,10.0,1.0,0.0005,32178
738,248,24.8,10.0,1.0,0.0005,32195
739,248,24.8,10.0,1.0,0.0005,32196
740,248,24.8,10.0,1.0,0.0005,32213
741,248,24.8,10.0,1.0,0.0005,32248
742,248,24.8,10.0,1.0,0.0005,32273
743,248,24.8,10.0,1.0,0.0005,32302
744,248,24.8,10.0,1.0,0.0005,32321
745,248,24.8,10.0,1.0,0.0005,32351
746,248,24.8,10.0,1.0,0.0005,32372
747,248,24.8,10.0,1.0,0.0005,32404
748,248,24.8,10.0,1.0,0.0005,32429
749,248,24.8,10.0,1.0,0.0005,32453
750,248,24.8,10.0,1.0,0.0005,32482
751,248,24.8,10.0,1.0,0.0005,32496
752,248,24.8,10.0,1.0,0.0005,32514
753,248,24.8,10.0,1.0,0.0005,32543
754,248,24.8,10.0,1.0,0.0005,32577
755,248,24.8,10.0,1.0,0.0005,32609
756,248,24.8,10.0,1.0,0.0005,32642
757,248,24.8,10.0,1.0,0.0005,32662
758,248,24.8,10.0,1.0,0.0005,32683
759,248,24.8,10.0,1.0,0.0005,32715
760,248,24.8,10.0,1.0,0.0005,32752
761,248,24.8,10.0,1.0,0.0005,32777
762,248,24.8,10.0,1.0,0.0005,32797
763,248,24.8,10.0,1.0,0.0005,32823
764,248,24.8,10.0,1.0,0.0005,32842
765,248,24.8,10.0,1.0,0.0005,32864
766,248,24.8,10.0,1.0,0.0005,32879
767,248,24.8,10.0,1.0,0.0005,32903
768,248,24.8,10.0,1.0,0.0005,32939
769,248,24.8,10.0,1.0,0.0005,32963
770,248,24.8,10.0,1.0,0.0005,33000
771,248,24.8,10.0,1.0,0.0005,33003
772,248,24.8,10.0,1.0,0.0005,33033
773,248,24.8,10.0,1.0,0.0005,33034
774,248,24.8,10.0,1.0,0.0005,33063
775,248,24.8,10.0,1.0,0.0005,33064
776,248,24.8,10.0,1.0,0.0005,33065
777,248,24.8,10.0,1.0,0.0005,33080
778,248,24.8,10.0,1.0,0.0005,33108
779,248,24.8,10.0,1.0,0.0005,33127
780,248,24.8,10.0,1.0,0.0005,33159
781,248,24.8,10.0,1.0,0.0005,33188
782,248,24.8,10.0,1.0,0.0005,33205
783,248,24.8,10.0,1.0,0.0005,33210
784,248,24.8,10.0,1.0,0.0005,33225
785,248,24.8,10.0,1.0,0.0005,33255
786,248,24.8,10.0,1.0,0.0005,33259
787,248,24.8,10.0,1.0,0.0005,33297
788,248,24.8,10.0,1.0,0.0005,33331
789,248,24.8,10.0,1.0,0.0005,33367
790,248,24.8,10.0,1.0,0.0005,33378
791,248,24.8,10.0,1.0,0.0005,33404
792,248,24.8,10.0,1.0,0.0005,33423
793,248,24.8,10.0,1.0,0.0005,33428
794,248,24.8,10.0,1.0,0.0005,33431
795,248,24.8,10.0,1.0,0.0005,33457
796,248,24.8,10.0,1.0,0.0005,33483
797,248,24.8,10.0,1.0,0.0005,33512
798,248,24.8,10.0,1.0,0.0005,33530
799,248,24.8,10.0,1.0,0.0005,33549
800,248,24.8,10.0,1.0,0.0005,33574
801,248,24.8,10.0,1.0,0.0005,33590
802,248,24.8,10.0,1.0,0.0005,33623
803,248,24.8,10.0,1.0,0.0005,33651
804,248,24.8,10.0,1.0,0.0005,33680
805,248,24.8,10.0,1.0,0.0005,33707
806,248,24.8,10.0,1.0,0.0005,33736
807,248,24.8,10.0,1.0,0.0005,33763
808,248,24.8,10.0,1.0,0.0005,33797
809,248,24.8,10.0,1.0,0.0005,33800
810,248,24.8,10.0,1.0,0.0005,33831
811,248,24.8,10.0,1.0,0.0005,33848
812,248,24.8,10.0,1.0,0.0005,33876
813,248,24.8,10.0,1.0,0.0005,33907
814,248,24.8,10.0,1.0,0.0005,33939
815,248,24.8,10.0,1.0,0.0005,33956
816,248,24.8,10.0,1.0,0.0005,33958
817,248,24.8,10.0,1.0,0.0005,33986
818,248,24.8,10.0,1.0,0.0005,34019
819,248,24.8,10.0,1.0,0.0005,34038
820,248,24.8,10.0,1.0,0.0005,34062
821,248,24.8,10.0,1.0,0.0005,34087
822,248,24.8,10.0,1.0,0.0005,34120
823,248,24.8,10.0,1.0,0.0005,34126
824,248,24.8,10.0,1.0,0.0005,34154
825,248,24.8,10.0,1.0,0.0005,34179
826,248,24.8,10.0,1.0,0.0005,34207
827,248,24.8,10.0,1.0,0.0005,34232
828,248,24.8,10.0,1.0,0.0005,34250
829,248,24.8,10.0,1.0,0.0005,34276
830,248,24.8,10.0,1.0,0.0005,34297
831,248,24.8,10.0,1.0,0.0005,34319
832,248,24.8,10.0,1.0,0.0005,34348
833,248,24.8,10.0,1.0,0.0005,34383
834,248,24.8,10.0,1.0,0.0005,34414
835,248,24.8,10.0,1.0,0.0005,34432
836,248,24.8,10.0,1.0,0.0005,34456
837,248,24.8,10.0,1.0,0.0005,34476
838,248,24.8,10.0,1.0,0.0005,34510
839,248,24.8,10.0,1.0,0.0005,34540
840,248,24.8,10.0,1.0,0.0005,34568
841,248,24.8,10.0,1.0,0.0005,34586
842,248,24.8,10.0,1.0,0.0005,34617
843,248,24.8,10.0,1.0,0.0005,34634
844,248,24.8,10.0,1.0,0.0005,34665
845,248,24.8,10.0,1.0,0.0005,34682
846,248,24.8,10.0,1.0,0.0005,34709
847,248,24.8,10.0,1.0,0.0005,34739
848,248,24.8,10.0,1.0,0.0005,34760
849,248,24.8,10.0,1.0,0.0005,34792
850,248,24.8,10.0,1.0,0.0005,34814
851,248,24.8,10.0,1.0,0.0005,34832
852,248,24.8,10.0,1.0,0.0005,34850
853,248,24.8,10.0,1.0,0.0005,34885
854,248,24.8,10.0,1.0,0.0005,34902
855,248,24.8,10.0,1.0,0.0005,34939
856,248,24.8,10.0,1.0,0.0005,34971
857,248,24.8,10.0,1.0,0.0005,35003
858,248,24.8,10.0,1.0,0.0005,35020
859,248,24.8,10.0,1.0,0.0005,35046
860,248,24.8,10.0,1.0,0.0005,35067
861,248,24.8,10.0,1.0,0.0005,35088
862,248,24.8,10.0,1.0,0.0005,35117
863,248,24.8,10.0,1.0,0.0005,35137
864,248,24.8,10.0,1.0,0.0005,35168
865,248,24.8,10.0,1.0,0.0005,35189
866,248,24.8,10.0,1.0,0.0005,35207
867,248,24.8,10.0,1.0,0.0005,35220
868,248,24.8,10.0,1.0,0.0005,35253
869,248,24.8,10.0,1.0,0.0005,35275
870,248,24.8,10.0,1.0,0.0005,35311
871,248,24.8,10.0,1.0,0.0005,35329
872,248,24.8,10.0,1.0,0.0005,35352
873,248,24.8,10.0,1.0,0.0005,35385
874,248,24.8,10.0,1.0,0.0005,35408
875,248,24.8,10.0,1.0,0.0005,35425
876,248,24.8,10.0,1.0,0.0005,35458
877,248,24.8,10.0,1.0,0.0005,35475
878,248,24.8,10.0,1.0,0.0005,35493
879,248,24.8,10.0,1.0,0.0005,35529
880,248,24.8,10.0,1.0,0.0005,35562
881,248,24.8,10.0,1.0,0.0005,35564
882,248,24.8,10.0,1.0,0.0005,35582
883,248,24.8,10.0,1.0,0.0005,35610
884,248,24.8,10.0,1.0,0.0005,35635
885,248,24.8,10.0,1.0,0.0005,35652
886,248,24.8,10.0,1.0,0.0005,35674
887,248,24.8,10.0,1.0,0.0005,35708
888,248,24.8,10.0,1.0,0.0005,35741
889,248,24.8,10.0,1.0,0.0005,35760
890,248,24.8,10.0,1.0,0.0005,35788
891,248,24.8,10.0,1.0,0.0005,35812
892,248,24.8,10.0,1.0,0.0005,35840
893,248,24.8,10.0,1.0,0.0005,35856
894,248,24.8,10.0,1.0,0.0005,35893
895,248,24.8,10.0,1.0,0.0005,35922
896,248,24.8,10.0,1.0,0.0005,35934
897,248,24.8,10.0,1.0,0.0005,35970
898,248,24.8,10.0,1.0,0.0005,36001
899,248,24.8,10.0,1.0,0.0005,36013
900,248,24.8,10.0,1.0,0.0005,36047
901,248,24.8,10.0,1.0,0.0005,36076
902,248,24.8,10.0,1.0,0.0005,36110
903,248,24.8,10.0,1.0,0.0005,36133
904,248,24.8,10.0,1.0,0.0005,36152
905,248,24.8,10.0,1.0,0.0005,36181
906,248,24.8,10.0,1.0,0.0005,36210
907,248,24.8,10.0,1.0,0.0005,36216
908,248,24.8,10.0,1.0,0.0005,36251
909,248,24.8,10.0,1.0,0.0005,36256
910,248,24.8,10.0,1.0,0.0005,36282
911,248,24.8,10.0,1.0,0.0005,36315
912,248,24.8,10.0,1.0,0.0005,36332
913,248,24.8,10.0,1.0,0.0005,36360
914,248,24.8,10.0,1.0,0.0005,36383
915,248,24.8,10.0,1.0,0.0005,36415
916,248,24.8,10.0,1.0,0.0005,36448
917,248,24.8,10.0,1.0,0.0005,36468
918,248,24.8,10.0,1.0,0.0005,36504
919,248,24.8,10.0,1.0,0.0005,36534
920,248,24.8,10.0,1.0,0.0005,36561
921,248,24.8,10.0,1.0,0.0005,36580
922,248,24.8,10.0,1.0,0.0005,36599
923,248,24.8,10.0,1.0,0.0005,36612
924,248,24.8,10.0,1.0,0.0005,36630
925,248,24.8,10.0,1.0,0.0005,36649
926,248,24.8,10.0,1.0,0.0005,36656
927,248,24.8,10.0,1.0,0.0005,36686
928,248,24.8,10.0,1.0,0.0005,36714
929,248,24.8,10.0,1.0,0.0005,36745
930,248,24.8,10.0,1.0,0.0005,36761
931,248,24.8,10.0,1.0,0.0005,36785
932,248,24.8,10.0,1.0,0.0005,36815
933,248,24.8,10.0,1.0,0.0005,36853
934,248,24.8,10.0,1.0,0.0005,36890
935,248,24.8,10.0,1.0,0.0005,36919
936,248,24.8,10.0,1.0,0.0005,36926
937,248,24.8,10.0,1.0,0.0005,36956
938,248,24.8,10.0,1.0,0.0005,36969
939,248,24.8,10.0,1.0,0.0005,36975
940,248,24.8,10.0,1.0,0.0005,36998
941,248,24.8,10.0,1.0,0.0005,37022
942,248,24.8,10.0,1.0,0.0005,37051
943,248,24.8,10.0,1.0,0.0005,37080
944,248,24.8,10.0,1.0,0.0005,37107
945,248,24.8,10.0,1.0,0.0005,37138
946,248,24.8,10.0,1.0,0.0005,37155
947,248,24.8,10.0,1.0,0.0005,37189
948,248,24.8,10.0,1.0,0.0005,37216
949,248,24.8,10.0,1.0,0.0005,37234
950,248,24.8,10.0,1.0,0.0005,37262
951,248,24.8,10.0,1.0,0.0005,37281
952,248,24.8,10.0,1.0,0.0005,37285
953,248,24.8,10.0,1.0,0.0005,37305
954,248,24.8,10.0,1.0,0.0005,37307
955,248,24.8,10.0,1.0,0.0005,37323
956,248,24.8,10.0,1.0,0.0005,37338
957,248,24.8,10.0,1.0,0.0005,37367
958,248,24.8,10.0,1.0,0.0005,37393
959,248,24.8,10.0,1.0,0.0005,37426
960,248,24.8,10.0,1.0,0.0005,37438
961,248,24.8,10.0,1.0,0.0005,37471
962,248,24.8,10.0,1.0,0.0005,37505
963,248,24.8,10.0,1.0,0.0005,37534
964,248,24.8,10.0,1.0,0.0005,37561
965,248,24.8,10.0,1.0,0.0005,37566
966,248,24.8,10.0,1.0,0.0005,37603
967,248,24.8,10.0,1.0,0.0005,37631
968,248,24.8,10.0,1.0,0.0005,37632
969,248,24.8,10.0,1.0,0.0005,37650
970,248,24.8,10.0,1.0,0.0005,37680
971,248,24.8,10.0,1.0,0.0005,37710
972,248,24.8,10.0,1.0,0.0005,37712
973,248,24.8,10.0,1.0,0.0005,37732
974,248,24.8,10.0,1.0,0.0005,37763
975,248,24.8,10.0,1.0,0.0005,37795
976,248,24.8,10.0,1.0,0.0005,37819
977,248,24.8,10.0,1.0,0.0005,37845
978,248,24.8,10.0,1.0,0.0005,37847
979,248,24.8,10.0,1.0,0.0005,37854
980,248,24.8,10.0,1.0,0.0005,37859
981,248,24.8,10.0,1.0,0.0005,37886
982,248,24.8,10.0,1.0,0.0005,37892
983,248,24.8,10.0,1.0,0.0005,37920
984,248,24.8,10.0,1.0,0.0005,37953
985,248,24.8,10.0,1.0,0.0005,37974
986,248,24.8,10.0,1.0,0.0005,37986
987,248,24.8,10.0,1.0,0.0005,38010
988,248,24.8,10.0,1.0,0.0005,38038
989,248,24.8,10.0,1.0,0.0005,38070
990,248,24.8,10.0,1.0,0.0005,38100
991,248,24.8,10.0,1.0,0.0005,38115
992,248,24.8,10.0,1.0,0.0005,38152
993,248,24.8,10.0,1.0,0.0005,38182
994,248,24.8,10.0,1.0,0.0005,38206
995,248,24.8,10.0,1.0,0.0005,38234
996,248,24.8,10.0,1.0,0.0005,38250
997,248,24.8,10.0,1.0,0.0005,38270
998,248,24.8,10.0,1.0,0.0005,38299
999,248,24.8,10.0,1.0,0.0005,38327
1000,248,24.8,10.0,1.0,0.0005,38354
1001,248,24.8,10.0,1.0,0.0005,38373
1002,248,24.8,10.0,1.0,0.0005,38403
1003,248,24.8,10.0,1.0,0.0005,38414
1004,248,24.8,10.0,1.0,0.0005,38441
1005,248,24.8,10.0,1.0,0.0005,38460
1006,248,24.8,10.0,1.0,0.0005,38480
1007,248,24.8,10.0,1.0,0.0005,38512
1008,248,24.8,10.0,1.0,0.0005,38536
1009,248,24.8,10.0,1.0,0.0005,38542
1010,248,24.8,10.0,1.0,0.0005,38561
1011,248,24.8,10.0,1.0,0.0005,38569
1012,248,24.8,10.0,1.0,0.0005,38572
1013,248,24.8,10.0,1.0,0.0005,38588
1014,248,24.8,10.0,1.0,0.0005,38617
1015,248,24.8,10.0,1.0,0.0005,38639
1016,248,24.8,10.0,1.0,0.0005,38666
1017,248,24.8,10.0,1.0,0.0005,38681
1018,248,24.8,10.0,1.0,0.0005,38711
1019,248,24.8,10.0,1.0,0.0005,38742
1020,248,24.8,10.0,1.0,0.0005,38763
1021,248,24.8,10.0,1.0,0.0005,38780
1022,248,24.8,10.0,1.0,0.0005,38793
1023,248,24.8,10.0,1.0,0.0005,38802
1024,248,24.8,10.0,1.0,0.0005,38833
1025,248,24.8,10.0,1.0,0.0005,38854
1026,248,24.8,10.0,1.0,0.0005,38857
1027,248,24.8,10.0,1.0,0.0005,38889
1028,248,24.8,10.0,1.0,0.0005,38912
1029,248,24.8,10.0,1.0,0.0005,38944
1030,248,24.8,10.0,1.0,0.0005,38971
1031,248,24.8,10.0,1.0,0.0005,38994
1032,248,24.8,10.0,1.0,0.0005,39024
1033,248,24.8,10.0,1.0,0.0005,39060
1034,248,24.8,10.0,1.0,0.0005,39087
1035,248,24.8,10.0,1.0,0.0005,39115
1036,248,24.8,10.0,1.0,0.0005,39152
1037,248,24.8,10.0,1.0,0.0005,39177
1038,248,24.8,10.0,1.0,0.0005,39195
1039,248,24.8,10.0,1.0,0.0005,39209
1040,248,24.8,10.0,1.0,0.0005,39249
1041,248,24.8,10.0,1.0,0.0005,39286
1042,248,24.8,10.0,1.0,0.0005,39302
1043,248,24.8,10.0,1.0,0.0005,39331
1044,248,24.8,10.0,1.0,0.0005,39355
1045,248,24.8,10.0,1.0,0.0005,39386
1046,248,24.8,10.0,1.0,0.0005,39393
1047,248,24.8,10.0,1.0,0.0005,39400
1048,248,24.8,10.0,1.0,0.0005,39419
1049,248,24.8,10.0,1.0,0.0005,39437
1050,248,24.8,10.0,1.0,0.0005,39452
1051,248,24.8,10.0,1.0,0.0005,39458
1052,248,24.8,10.0,1.0,0.0005,39486
1053,248,24.8,10.0,1.0,0.0005,39517
1054,248,24.8,10.0,1.0,0.0005,39532
1055,248,24.8,10.0,1.0,0.0005,39559
1056,248,24.8,10.0,1.0,0.0005,39583
1057,248,24.8,10.0,1.0,0.0005,39609
1058,248,24.8,10.0,1.0,0.0005,39642
1059,248,24.8,10.0,1.0,0.0005,39661
1060,248,24.8,10.0,1.0,0.0005,39685
1061,248,24.8,10.0,1.0,0.0005,39713
1062,248,24.8,10.0,1.0,0.0005,39732
1063,248,24.8,10.0,1.0,0.0005,39759
1064,248,24.8,10.0,1.0,0.0005,39785
1065,248,24.8,10.0,1.0,0.0005,39787
1066,248,24.8,10.0,1.0,0.0005,39817
1067,248,24.8,10.0,1.0,0.0005,39854
1068,248,24.8,10.0,1.0,0.0005,39875
1069,248,24.8,10.0,1.0,0.0005,39902
1070,248,24.8,10.0,1.0,0.0005,39935
1071,248,24.8,10.0,1.0,0.0005,39948
1072,248,24.8,10.0,1.0,0.0005,39977
1073,248,24.8,10.0,1.0,0.0005,40006
1074,248,24.8,10.0,1.0,0.0005,40025
1075,248,24.8,10.0,1.0,0.0005,40058
1076,248,24.8,10.0,1.0,0.0005,40081
1077,248,24.8,10.0,1.0,0.0005,40110
1078,248,24.8,10.0,1.0,0.0005,40129
1079,248,24.8,10.0,1.0,0.0005,40163
1080,248,24.8,10.0,1.0,0.0005,40191
1081,248,24.8,10.0,1.0,0.0005,40223
1082,248,24.8,10.0,1.0,0.0005,40227
1083,248,24.8,10.0,1.0,0.0005,40262
1084,248,24.8,10.0,1.0,0.0005,40287
1085,248,24.8,10.0,1.0,0.0005,40313
1086,248,24.8,10.0,1.0,0.0005,40333
1087,248,24.8,10.0,1.0,0.0005,40362
1088,248,24.8,10.0,1.0,0.0005,40388
1089,248,24.8,10.0,1.0,0.0005,40401
1090,248,24.8,10.0,1.0,0.0005,40416
1091,248,24.8,10.0,1.0,0.0005,40445
1092,248,24.8,10.0,1.0,0.0005,40471
1093,248,24.8,10.0,1.0,0.0005,40490
1094,248,24.8,10.0,1.0,0.0005,40522
1095,248,24.8,10.0,1.0,0.0005,40541
1096,248,24.8,10.0,1.0,0.0005,40563
1097,248,24.8,10.0,1.0,0.0005,40585
1098,248,24.8,10.0,1.0,0.0005,40614
1099,248,24.8,10.0,1.0,0.0005,40645
1100,248,24.8,10.0,1.0,0.0005,40673
1101,248,24.8,10.0,1.0,0.0005,40684
1102,248,24.8,10.0,1.0,0.0005,40712
1103,248,24.8,10.0,1.0,0.0005,40742
1104,248,24.8,10.0,1.0,0.0005,40744
1105,248,24.8,10.0,1.0,0.0005,40767
1106,248,24.8,10.0,1.0,0.0005,40788
1107,248,24.8,10.0,1.0,0.0005,40816
1108,248,24.8,10.0,1.0,0.0005,40832
1109,248,24.8,10.0,1.0,0.0005,40852
1110,248,24.8,10.0,1.0,0.0005,40874
1111,248,24.8,10.0,1.0,0.0005,40907
1112,248,24.8,10.0,1.0,0.0005,40915
1113,248,24.8,10.0,1.0,0.0005,40938
1114,248,24.8,10.0,1.0,0.0005,40957
1115,248,24.8,10.0,1.0,0.0005,40990
1116,248,24.8,10.0,1.0,0.0005,41001
1117,248,24.8,10.0,1.0,0.0005,41034
1118,248,24.8,10.0,1.0,0.0005,41054
1119,248,24.8,10.0,1.0,0.0005,41083
1120,248,24.8,10.0,1.0,0.0005,41105
1121,248,24.8,10.0,1.0,0.0005,41123
1122,248,24.8,10.0,1.0,0.0005,41145
1123,248,24.8,10.0,1.0,0.0005,41169
1124,248,24.8,10.0,1.0,0.0005,41197
1125,248,24.8,10.0,1.0,0.0005,41225
1126,248,24.8,10.0,1.0,0.0005,41229
1127,248,24.8,10.0,1.0,0.0005,41265
1128,248,24.8,10.0,1.0,0.0005,41298
1129,248,24.8,10.0,1.0,0.0005,41319
1130,248,24.8,10.0,1.0,0.0005,41347
1131,248,24.8,10.0,1.0,0.0005,41364
1132,248,24.8,10.0,1.0,0.0005,41390
1133,248,24.8,10.0,1.0,0.0005,41417
1134,248,24.8,10.0,1.0,0.0005,41448
1135,248,24.8,10.0,1.0,0.0005,41485
1136,248,24.8,10.0,1.0,0.0005,41503
1137,248,24.8,10.0,1.0,0.0005,41531
1138,248,24.8,10.0,1.0,0.0005,41552
1139,248,24.8,10.0,1.0,0.0005,41581
1140,248,24.8,10.0,1.0,0.0005,41598
1141,248,24.8,10.0,1.0,0.0005,41619
1142,248,24.8,10.0,1.0,0.0005,41655
1143,248,24.8,10.0,1.0,0.0005,41686
1144,248,24.8,10.0,1.0,0.0005,41711
1145,248,24.8,10.0,1.0,0.0005,41713
1146,248,24.8,10.0,1.0,0.0005,41733
1147,248,24.8,10.0,1.0,0.0005,41752
1148,248,24.8,10.0,1.0,0.0005,41778
1149,248,24.8,10.0,1.0,0.0005,41813
1150,248,24.8,10.0,1.0,0.0005,41839
1151,248,24.8,10.0,1.0,0.0005,41862
1152,248,24.8,10.0,1.0,0.0005,41884
1153,248,24.8,10.0,1.0,0.0005,41885
1154,248,24.8,10.0,1.0,0.0005,41904
1155,248,24.8,10.0,1.0,0.0005,41930
1156,248,24.8,10.0,1.0,0.0005,41959
1157,248,24.8,10.0,1.0,0.0005,41980
1158,248,24.8,10.0,1.0,0.0005,42001
1159,248,24.8,10.0,1.0,0.0005,42027
1160,248,24.8,10.0,1.0,0.0005,42063
1161,248,24.8,10.0,1.0,0.0005,42081
1162,248,24.8,10.0,1.0,0.0005,42116
1163,248,24.8,10.0,1.0,0.0005,42129
1164,248,24.8,10.0,1.0,0.0005,42152
1165,248,24.8,10.0,1.0,0.0005,42173
1166,248,24.8,10.0,1.0,0.0005,42205
1167,248,24.8,10.0,1.0,0.0005,42223
1168,248,24.8,10.0,1.0,0.0005,42248
1169,248,24.8,10.0,1.0,0.0005,42268
1170,248,24.8,10.0,1.0,0.0005,42289
1171,248,24.8,10.0,1.0,0.0005,42305
1172,248,24.8,10.0,1.0,0.0005,42327
1173,248,24.8,10.0,1.0,0.0005,42364
1174,248,24.8,10.0,1.0,0.0005,42393
1175,248,24.8,10.0,1.0,0.0005,42404
1176,248,24.8,10.0,1.0,0.0005,42423
1177,248,24.8,10.0,1.0,0.0005,42441
1178,248,24.8,10.0,1.0,0.0005,42461
1179,248,24.8,10.0,1.0,0.0005,42491
1180,248,24.8,10.0,1.0,0.0005,42516
1181,248,24.8,10.0,1.0,0.0005,42540
1182,248,24.8,10.0,1.0,0.0005,42575
1183,248,24.8,10.0,1.0,0.0005,42599
1184,248,24.8,10.0,1.0,0.0005,42629
1185,248,24.8,10.0,1.0,0.0005,42660
1186,248,24.8,10.0,1.0,0.0005,42680
1187,248,24.8,10.0,1.0,0.0005,42685
1188,248,24.8,10.0,1.0,0.0005,42705
1189,248,24.8,10.0,1.0,0.0005,42726
1190,248,24.8,10.0,1.0,0.0005,42748
1191,248,24.8,10.0,1.0,0.0005,42778
1192,248,24.8,10.0,1.0,0.0005,42795
1193,248,24.8,10.0,1.0,0.0005,42810
1194,248,24.8,10.0,1.0,0.0005,42832
1195,248,24.8,10.0,1.0,0.0005,42858
1196,248,24.8,10.0,1.0,0.0005,42884
1197,248,24.8,10.0,1.0,0.0005,42908
1198,248,24.8,10.0,1.0,0.0005,42942
1199,248,24.8,10.0,1.0,0.0005,42971
1200,248,24.8,10.0,1.0,0.0005,42974
1201,248,24.8,10.0,1.0,0.0005,43005
1202,248,24.8,10.0,1.0,0.0005,43030
1203,248,24.8,10.0,1.0,0.0005,43049
1204,248,24.8,10.0,1.0,0.0005,43061
1205,248,24.8,10.0,1.0,0.0005,43098
1206,248,24.8,10.0,1.0,0.0005,43099
1207,248,24.8,10.0,1.0,0.0005,43130
1208,248,24.8,10.0,1.0,0.0005,43149
1209,248,24.8,10.0,1.0,0.0005,43177
1210,248,24.8,10.0,1.0,0.0005,43189
1211,248,24.8,10.0,1.0,0.0005,43212
1212,248,24.8,10.0,1.0,0.0005,43241
1213,248,24.8,10.0,1.0,0.0005,43271
1214,248,24.8,10.0,1.0,0.0005,43295
1215,248,24.8,10.0,1.0,0.0005,43326
1216,248,24.8,10.0,1.0,0.0005,43347
1217,248,24.8,10.0,1.0,0.0005,43364
1218,248,24.8,10.0,1.0,0.0005,43381
1219,248,24.8,10.0,1.0,0.0005,43384
1220,248,24.8,10.0,1.0,0.0005,43408
1221,248,24.8,10.0,1.0,0.0005,43433
1222,248,24.8,10.0,1.0,0.0005,43462
1223,248,24.8,10.0,1.0,0.0005,43476
1224,248,24.8,10.0,1.0,0.0005,43482
1225,248,24.8,10.0,1.0,0.0005,43512
1226,248,24.8,10.0,1.0,0.0005,43540
1227,248,24.8,10.0,1.0,0.0005,43550
1228,248,24.8,10.0,1.0,0.0005,43564
1229,248,24.8,10.0,1.0,0.0005,43599
1230,248,24.8,10.0,1.0,0.0005,43627
1231,248,24.8,10.0,1.0,0.0005,43655
1232,248,24.8,10.0,1.0,0.0005,43681
1233,248,24.8,10.0,1.0,0.0005,43683
1234,248,24.8,10.0,1.0,0.0005,43695
1235,248,24.8,10.0,1.0,0.0005,43724
1236,248,24.8,10.0,1.0,0.0005,43745
1237,248,24.8,10.0,1.0,0.0005,43775
1238,248,24.8,10.0,1.0,0.0005,43811
1239,248,24.8,10.0,1.0,0.0005,43829
1240,248,24.8,10.0,1.0,0.0005,43846
1241,248,24.8,10.0,1.0,0.0005,43874
1242,248,24.8,10.0,1.0,0.0005,43906
1243,248,24.8,10.0,1.0,0.0005,43934
1244,248,24.8,10.0,1.0,0.0005,43962
1245,248,24.8,10.0,1.0,0.0005,43964
1246,248,24.8,10.0,1.0,0.0005,43996
1247,248,24.8,10.0,1.0,0.0005,44012
1248,248,24.8,10.0,1.0,0.0005,44043
1249,248,24.8,10.0,1.0,0.0005,44062
1250,248,24.8,10.0,1.0,0.0005,44080
1251,248,24.8,10.0,1.0,0.0005,44104
1252,248,24.8,10.0,1.0,0.0005,44135
1253,248,24.8,10.0,1.0,0.0005,44167
1254,248,24.8,10.0,1.0,0.0005,44188
1255,248,24.8,10.0,1.0,0.0005,44219
1256,248,24.8,10.0,1.0,0.0005,44242
1257,248,24.8,10.0,1.0,0.0005,44254
1258,248,24.8,10.0,1.0,0.0005,44267
1259,248,24.8,10.0,1.0,0.0005,44284
1260,248,24.8,10.0,1.0,0.0005,44312
1261,248,24.8,10.0,1.0,0.0005,44344
1262,248,24.8,10.0,1.0,0.0005,44371
1263,248,24.8,10.0,1.0,0.0005,44387
1264,248,24.8,10.0,1.0,0.0005,44414
1265,248,24.8,10.0,1.0,0.0005,44442
1266,248,24.8,10.0,1.0,0.0005,44463
1267,248,24.8,10.0,1.0,0.0005,44493
1268,248,24.8,10.0,1.0,0.0005,44518
1269,248,24.8,10.0,1.0,0.0005,44545
1270,248,24.8,10.0,1.0,0.0005,44561
1271,248,24.8,10.0,1.0,0.0005,44576
1272,248,24.8,10.0,1.0,0.0005,44587
1273,248,24.8,10.0,1.0,0.0005,44600
1274,248,24.8,10.0,1.0,0.0005,44634
1275,248,24.8,10.0,1.0,0.0005,44670
1276,248,24.8,10.0,1.0,0.0005,44676
1277,248,24.8,10.0,1.0,0.0005,44713
1278,248,24.8,10.0,1.0,0.0005,44716
1279,248,24.8,10.0,1.0,0.0005,44746
1280,248,24.8,10.0,1.0,0.0005,44783
1281,248,24.8,10.0,1.0,0.0005,44789
1282,248,24.8,10.0,1.0,0.0005,44802
1283,248,24.8,10.0,1.0,0.0005,44814
1284,248,24.8,10.0,1.0,0.0005,44835
1285,248,24.8,10.0,1.0,0.0005,44856
1286,248,24.8,10.0,1.0,0.0005,44869
1287,248,24.8,10.0,1.0,0.0005,44896
1288,248,24.8,10.0,1.0,0.0005,44915
1289,248,24.8,10.0,1.0,0.0005,44939
1290,248,24.8,10.0,1.0,0.0005,44964
1291,248,24.8,10.0,1.0,0.0005,44992
1292,248,24.8,10.0,1.0,0.0005,45025
1293,248,24.8,10.0,1.0,0.0005,45057
1294,248,24.8,10.0,1.0,0.0005,45085
1295,248,24.8,10.0,1.0,0.0005,45115
1296,248,24.8,10.0,1.0,0.0005,45143
1297,248,24.8,10.0,1.0,0.0005,45171
1298,248,24.8,10.0,1.0,0.0005,45190
1299,248,24.8,10.0,1.0,0.0005,45222
1300,248,24.8,10.0,1.0,0.0005,45252
1301,248,24.8,10.0,1.0,0.0005,45260
1302,248,24.8,10.0,1.0,0.0005,45275
1303,248,24.8,10.0,1.0,0.0005,45291
1304,248,24.8,10.0,1.0,0.0005,45321
1305,248,24.8,10.0,1.0,0.0005,45351
1306,248,24.8,10.0,1.0,0.0005,45376
1307,248,24.8,10.0,1.0,0.0005,45408
1308,248,24.8,10.0,1.0,0.0005,45439
1309,248,24.8,10.0,1.0,0.0005,45456
1310,248,24.8,10.0,1.0,0.0005,45484
1311,248,24.8,10.0,1.0,0.0005,45519
1312,248,24.8,10.0,1.0,0.0005,45532
1313,248,24.8,10.0,1.0,0.0005,45557
1314,248,24.8,10.0,1.0,0.0005,45594
1315,248,24.8,10.0,1.0,0.0005,45613
1316,248,24.8,10.0,1.0,0.0005,45639
1317,248,24.8,10.0,1.0,0.0005,45671
1318,248,24.8,10.0,1.0,0.0005,45680
1319,248,24.8,10.0,1.0,0.0005,45698
1320,248,24.8,10.0,1.0,0.0005,45704
1321,248,24.8,10.0,1.0,0.0005,45727
1322,248,24.8,10.0,1.0,0.0005,45757
1323,248,24.8,10.0,1.0,0.0005,45780
1324,248,24.8,10.0,1.0,0.0005,45801
1325,248,24.8,10.0,1.0,0.0005,45834
1326,248,24.8,10.0,1.0,0.0005,45859
1327,248,24.8,10.0,1.0,0.0005,45892
1328,248,24.8,10.0,1.0,0.0005,45898
1329,248,24.8,10.0,1.0,0.0005,45934
1330,248,24.8,10.0,1.0,0.0005,45948
1331,248,24.8,10.0,1.0,0.0005,45970
1332,248,24.8,10.0,1.0,0.0005,46001
1333,248,24.8,10.0,1.0,0.0005,46030
1334,248,24.8,10.0,1.0,0.0005,46058
1335,248,24.8,10.0,1.0,0.0005,46075
1336,248,24.8,10.0,1.0,0.0005,46107
1337,248,24.8,10.0,1.0,0.0005,46132
1338,248,24.8,10.0,1.0,0.0005,46161
1339,248,24.8,10.0,1.0,0.0005,46178
1340,248,24.8,10.0,1.0,0.0005,46209
1341,248,24.8,10.0,1.0,0.0005,46237
1342,248,24.8,10.0,1.0,0.0005,46270
1343,248,24.8,10.0,1.0,0.0005,46301
1344,248,24.8,10.0,1.0,0.0005,46330
1345,248,24.8,10.0,1.0,0.0005,46357
1346,248,24.8,10.0,1.0,0.0005,46384
1347,248,24.8,10.0,1.0,0.0005,46392
1348,248,24.8,10.0,1.0,0.0005,46419
1349,248,24.8,10.0,1.0,0.0005,46436
1350,248,24.8,10.0,1.0,0.0005,46453
1351,248,24.8,10.0,1.0,0.0005,46472
1352,248,24.8,10.0,1.0,0.0005,46498
1353,248,24.8,10.0,1.0,0.0005,46515
1354,248,24.8,10.0,1.0,0.0005,46539
1355,248,24.8,10.0,1.0,0.0005,46557
1356,248,24.8,10.0,1.0,0.0005,46565
1357,248,24.8,10.0,1.0,0.0005,46570
1358,248,24.8,10.0,1.0,0.0005,46601
1359,248,24.8,10.0,1.0,0.0005,46625
1360,248,24.8,10.0,1.0,0.0005,46652
1361,248,24.8,10.0,1.0,0.0005,46673
1362,248,24.8,10.0,1.0,0.0005,46694
1363,248,24.8,10.0,1.0,0.0005,46712
1364,248,24.8,10.0,1.0,0.0005,46744
1365,248,24.8,10.0,1.0,0.0005,46750
1366,248,24.8,10.0,1.0,0.0005,46776
1367,248,24.8,10.0,1.0,0.0005,46809
1368,248,24.8,10.0,1.0,0.0005,46838
1369,248,24.8,10.0,1.0,0.0005,46870
1370,248,24.8,10.0,1.0,0.0005,46895
1371,248,24.8,10.0,1.0,0.0005,46926
1372,248,24.8,10.0,1.0,0.0005,46962
1373,248,24.8,10.0,1.0,0.0005,46991
1374,248,24.8,10.0,1.0,0.0005,47016
1375,248,24.8,10.0,1.0,0.0005,47035
1376,248,24.8,10.0,1.0,0.0005,47058
1377,248,24.8,10.0,1.0,0.0005,47092
1378,248,24.8,10.0,1.0,0.0005,47119
1379,248,24.8,10.0,1.0,0.0005,47154
1380,248,24.8,10.0,1.0,0.0005,47178
1381,248,24.8,10.0,1.0,0.0005,47211
1382,248,24.8,10.0,1.0,0.0005,47235
1383,248,24.8,10.0,1.0,0.0005,47269
1384,248,24.8,10.0,1.0,0.0005,47276
1385,248,24.8,10.0,1.0,0.0005,47282
1386,248,24.8,10.0,1.0,0.0005,47312
1387,248,24.8,10.0,1.0,0.0005,47328
1388,248,24.8,10.0,1.0,0.0005,47346
1389,248,24.8,10.0,1.0,0.0005,47383
1390,248,24.8,10.0,1.0,0.0005,47416
1391,248,24.8,10.0,1.0,0.0005,47441
1392,248,24.8,10.0,1.0,0.0005,47458
1393,248,24.8,10.0,1.0,0.0005,47483
1394,248,24.8,10.0,1.0,0.0005,47503
1395,248,24.8,10.0,1.0,0.0005,47537
1396,248,24.8,10.0,1.0,0.0005,47564
1397,248,24.8,10.0,1.0,0.0005,47582
1398,248,24.8,10.0,1.0,0.0005,47614
1399,248,24.8,10.0,1.0,0.0005,47632
1400,248,24.8,10.0,1.0,0.0005,47634
1401,248,24.8,10.0,1.0,0.0005,47665
1402,248,24.8,10.0,1.0,0.0005,47667
1403,248,24.8,10.0,1.0,0.0005,47678
1404,248,24.8,10.0,1.0,0.0005,47708
1405,248,24.8,10.0,1.0,0.0005,47735
1406,248,24.8,10.0,1.0,0.0005,47756
1407,248,24.8,10.0,1.0,0.0005,47772
1408,248,24.8,10.0,1.0,0.0005,47807
1409,248,24.8,10.0,1.0,0.0005,47825
1410,248,24.8,10.0,1.0,0.0005,47858
1411,248,24.8,10.0,1.0,0.0005,47885
1412,248,24.8,10.0,1.0,0.0005,47912
1413,248,24.8,10.0,1.0,0.0005,47931
1414,248,24.8,10.0,1.0,0.0005,47937
1415,248,24.8,10.0,1.0,0.0005,47965
1416,248,24.8,10.0,1.0,0.0005,48000
1417,248,24.8,10.0,1.0,0.0005,48036
1418,248,24.8,10.0,1.0,0.0005,48072
1419,248,24.8,10.0,1.0,0.0005,48102
1420,248,24.8,10.0,1.0,0.0005,48130
1421,248,24.8,10.0,1.0,0.0005,48159
1422,248,24.8,10.0,1.0,0.0005,48178
1423,248,24.8,10.0,1.0,0.0005,48206
1424,248,24.8,10.0,1.0,0.0005,48223
1425,248,24.8,10.0,1.0,0.0005,48251
1426,248,24.8,10.0,1.0,0.0005,48280
1427,248,24.8,10.0,1.0,0.0005,48307
1428,248,24.8,10.0,1.0,0.0005,48336
1429,248,24.8,10.0,1.0,0.0005,48355
1430,248,24.8,10.0,1.0,0.0005,48386
1431,248,24.8,10.0,1.0,0.0005,48418
1432,248,24.8,10.0,1.0,0.0005,48444
1433,248,24.8,10.0,1.0,0.0005,48477
1434,248,24.8,10.0,1.0,0.0005,48511
1435,248,24.8,10.0,1.0,0.0005,48543
1436,248,24.8,10.0,1.0,0.0005,48562
1437,248,24.8,10.0,1.0,0.0005,48583
1438,248,24.8,10.0,1.0,0.0005,48612
1439,248,24.8,10.0,1.0,0.0005,48650
1440,248,24.8,10.0,1.0,0.0005,48657
1441,248,24.8,10.0,1.0,0.0005,48693
1442,248,24.8,10.0,1.0,0.0005,48717
1443,248,24.8,10.0,1.0,0.0005,48737
1444,248,24.8,10.0,1.0,0.0005,48763
1445,248,24.8,10.0,1.0,0.0005,48798
1446,248,24.8,10.0,1.0,0.0005,48817
1447,248,24.8,10.0,1.0,0.0005,48850
1448,248,24.8,10.0,1.0,0.0005,48870
1449,248,24.8,10.0,1.0,0.0005,48898
1450,248,24.8,10.0,1.0,0.0005,48929
1451,248,24.8,10.0,1.0,0.0005,48959
1452,248,24.8,10.0,1.0,0.0005,48992
1453,248,24.8,10.0,1.0,0.0005,49026
1454,248,24.8,10.0,1.0,0.0005,49060
1455,248,24.8,10.0,1.0,0.0005,49089
1456,248,24.8,10.0,1.0,0.0005,49110
1457,248,24.8,10.0,1.0,0.0005,49135
1458,248,24.8,10.0,1.0,0.0005,49154
1459,248,24.8,10.0,1.0,0.0005,49181
1460,248,24.8,10.0,1.0,0.0005,49209
1461,248,24.8,10.0,1.0,0.0005,49234
1462,248,24.8,10.0,1.0,0.0005,49262
1463,248,24.8,10.0,1.0,0.0005,49275
1464,248,24.8,10.0,1.0,0.0005,49312
1465,248,24.8,10.0,1.0,0.0005,49330
1466,248,24.8,10.0,1.0,0.0005,49354
1467,248,24.8,10.0,1.0,0.0005,49367
1468,248,24.8,10.0,1.0,0.0005,49390
1469,248,24.8,10.0,1.0,0.0005,49420
1470,248,24.8,10.0,1.0,0.0005,49444
1471,248,24.8,10.0,1.0,0.0005,49469
1472,248,24.8,10.0,1.0,0.0005,49489
1473,248,24.8,10.0,1.0,0.0005,49525
1474,248,24.8,10.0,1.0,0.0005,49541
1475,248,24.8,10.0,1.0,0.0005,49553
1476,248,24.8,10.0,1.0,0.0005,49577
1477,248,24.8,10.0,1.0,0.0005,49599
1478,248,24.8,10.0,1.0,0.0005,49610
1479,248,24.8,10.0,1.0,0.0005,49638
1480,248,24.8,10.0,1.0,0.0005,49674
1481,248,24.8,10.0,1.0,0.0005,49693
1482,248,24.8,10.0,1.0,0.0005,49710
1483,248,24.8,10.0,1.0,0.0005,49727
1484,248,24.8,10.0,1.0,0.0005,49749
1485,248,24.8,10.0,1.0,0.0005,49774
1486,248,24.8,10.0,1.0,0.0005,49807
1487,248,24.8,10.0,1.0,0.0005,49840
1488,248,24.8,10.0,1.0,0.0005,49871
1489,248,24.8,10.0,1.0,0.0005,49873
1490,248,24.8,10.0,1.0,0.0005,49875
1491,248,24.8,10.0,1.0,0.0005,49903
1492,248,24.8,10.0,1.0,0.0005,49931
1493,248,24.8,10.0,1.0,0.0005,49953
1494,248,24.8,10.0,1.0,0.0005,49965
1495,248,24.8,10.0,1.0,0.0005,49971
1496,248,24.8,10.0,1.0,0.0005,50008
1497,248,24.8,10.0,1.0,0.0005,50038
1498,248,24.8,10.0,1.0,0.0005,50051
1499,248,24.8,10.0,1.0,0.0005,50083
1500,248,24.8,10.0,1.0,0.0005,50107
1501,248,24.8,10.0,1.0,0.0005,50139
1502,248,24.8,10.0,1.0,0.0005,50161
1503,248,24.8,10.0,1.0,0.0005,50197
1504,248,24.8,10.0,1.0,0.0005,50199
1505,248,24.8,10.0,1.0,0.0005,50221
1506,248,24.8,10.0,1.0,0.0005,50255
1507,248,24.8,10.0,1.0,0.0005,50283
1508,248,24.8,10.0,1.0,0.0005,50320
1509,248,24.8,10.0,1.0,0.0005,50357
1510,248,24.8,10.0,1.0,0.0005,50374
1511,248,24.8,10.0,1.0,0.0005,50404
1512,248,24.8,10.0,1.0,0.0005,50420
1513,248,24.8,10.0,1.0,0.0005,50441
1514,248,24.8,10.0,1.0,0.0005,50474
1515,248,24.8,10.0,1.0,0.0005,50502
1516,248,24.8,10.0,1.0,0.0005,50530
1517,248,24.8,10.0,1.0,0.0005,50561
1518,248,24.8,10.0,1.0,0.0005,50598
1519,248,24.8,10.0,1.0,0.0005,50620
1520,248,24.8,10.0,1.0,0.0005,50648
1521,248,24.8,10.0,1.0,0.0005,50664
1522,248,24.8,10.0,1.0,0.0005,50680
1523,248,24.8,10.0,1.0,0.0005,50694
1524,248,24.8,10.0,1.0,0.0005,50719
1525,248,24.8,10.0,1.0,0.0005,50734
1526,248,24.8,10.0,1.0,0.0005,50737
1527,248,24.8,10.0,1.0,0.0005,50756
1528,248,24.8,10.0,1.0,0.0005,50777
1529,248,24.8,10.0,1.0,0.0005,50813
1530,248,24.8,10.0,1.0,0.0005,50831
1531,248,24.8,10.0,1.0,0.0005,50861
1532,248,24.8,10.0,1.0,0.0005,50885
1533,248,24.8,10.0,1.0,0.0005,50913
1534,248,24.8,10.0,1.0,0.0005,50924
1535,248,24.8,10.0,1.0,0.0005,50941
1536,248,24.8,10.0,1.0,0.0005,50960
1537,248,24.8,10.0,1.0,0.0005,50995
1538,248,24.8,10.0,1.0,0.0005,51024
1539,248,24.8,10.0,1.0,0.0005,51051
1540,248,24.8,10.0,1.0,0.0005,51067
1541,248,24.8,10.0,1.0,0.0005,51070
1542,248,24.8,10.0,1.0,0.0005,51087
1543,248,24.8,10.0,1.0,0.0005,51108
1544,248,24.8,10.0,1.0,0.0005,51140
1545,248,24.8,10.0,1.0,0.0005,51163
1546,248,24.8,10.0,1.0,0.0005,51165
1547,248,24.8,10.0,1.0,0.0005,51191
1548,248,24.8,10.0,1.0,0.0005,51218
1549,248,24.8,10.0,1.0,0.0005,51254
1550,248,24.8,10.0,1.0,0.0005,51274
1551,248,24.8,10.0,1.0,0.0005,51312
1552,248,24.8,10.0,1.0,0.0005,51317
1553,248,24.8,10.0,1.0,0.0005,51338
1554,248,24.8,10.0,1.0,0.0005,51365
1555,248,24.8,10.0,1.0,0.0005,51398
1556,248,24.8,10.0,1.0,0.0005,51425
1557,248,24.8,10.0,1.0,0.0005,51455
1558,248,24.8,10.0,1.0,0.0005,51477
1559,248,24.8,10.0,1.0,0.0005,51478
1560,248,24.8,10.0,1.0,0.0005,51486
1561,248,24.8,10.0,1.0,0.0005,51498
1562,248,24.8,10.0,1.0,0.0005,51504
1563,248,24.8,10.0,1.0,0.0005,51511
1564,248,24.8,10.0,1.0,0.0005,51512
1565,248,24.8,10.0,1.0,0.0005,51529
1566,248,24.8,10.0,1.0,0.0005,51550
1567,248,24.8,10.0,1.0,0.0005,51565
1568,248,24.8,10.0,1.0,0.0005,51582
1569,248,24.8,10.0,1.0,0.0005,51610
1570,248,24.8,10.0,1.0,0.0005,51630
1571,248,24.8,10.0,1.0,0.0005,51663
1572,248,24.8,10.0,1.0,0.0005,51690
1573,248,24.8,10.0,1.0,0.0005,51710
1574,248,24.8,10.0,1.0,0.0005,51745
1575,248,24.8,10.0,1.0,0.0005,51769
1576,248,24.8,10.0,1.0,0.0005,51796
1577,248,24.8,10.0,1.0,0.0005,51807
1578,248,24.8,10.0,1.0,0.0005,51835
1579,248,24.8,10.0,1.0,0.0005,51854
1580,248,24.8,10.0,1.0,0.0005,51891
1581,248,24.8,10.0,1.0,0.0005,51922
1582,248,24.8,10.0,1.0,0.0005,51945
1583,248,24.8,10.0,1.0,0.0005,51969
1584,248,24.8,10.0,1.0,0.0005,51997
1585,248,24.8,10.0,1.0,0.0005,52019
1586,248,24.8,10.0,1.0,0.0005,52032
1587,248,24.8,10.0,1.0,0.0005,52050
1588,248,24.8,10.0,1.0,0.0005,52075
1589,248,24.8,10.0,1.0,0.0005,52108
1590,248,24.8,10.0,1.0,0.0005,52139
1591,248,24.8,10.0,1.0,0.0005,52158
1592,248,24.8,10.0,1.0,0.0005,52175
1593,248,24.8,10.0,1.0,0.0005,52205
1594,248,24.8,10.0,1.0,0.0005,52240
1595,248,24.8,10.0,1.0,0.0005,52258
1596,248,24.8,10.0,1.0,0.0005,52264
1597,248,24.8,10.0,1.0,0.0005,52294
1598,248,24.8,10.0,1.0,0.0005,52320
1599,248,24.8,10.0,1.0,0.0005,52348
1600,248,24.8,10.0,1.0,0.0005,52365
1601,248,24.8,10.0,1.0,0.0005,52395
1602,248,24.8,10.0,1.0,0.0005,52408
1603,248,24.8,10.0,1.0,0.0005,52410
1604,248,24.8,10.0,1.0,0.0005,52444
1605,248,24.8,10.0,1.0,0.0005,52463
1606,248,24.8,10.0,1.0,0.0005,52494
1607,248,24.8,10.0,1.0,0.0005,52518
1608,248,24.8,10.0,1.0,0.0005,52545
1609,248,24.8,10.0,1.0,0.0005,52575
1610,248,24.8,10.0,1.0,0.0005,52608
1611,248,24.8,10.0,1.0,0.0005,52627
1612,248,24.8,10.0,1.0,0.0005,52655
1613,248,24.8,10.0,1.0,0.0005,52672
1614,248,24.8,10.0,1.0,0.0005,52690
1615,248,24.8,10.0,1.0,0.0005,52711
1616,248,24.8,10.0,1.0,0.0005,52740
1617,248,24.8,10.0,1.0,0.0005,52762
1618,248,24.8,10.0,1.0,0.0005,52789
1619,248,24.8,10.0,1.0,0.0005,52794
1620,248,24.8,10.0,1.0,0.0005,52826
1621,248,24.8,10.0,1.0,0.0005,52859
1622,248,24.8,10.0,1.0,0.0005,52886
1623,248,24.8,10.0,1.0,0.0005,52916
1624,248,24.8,10.0,1.0,0.0005,52942
1625,248,24.8,10.0,1.0,0.0005,52978
1626,248,24.8,10.0,1.0,0.0005,53010
1627,248,24.8,10.0,1.0,0.0005,53011
1628,248,24.8,10.0,1.0,0.0005,53031
1629,248,24.8,10.0,1.0,0.0005,53064
1630,248,24.8,10.0,1.0,0.0005,53071
1631,248,24.8,10.0,1.0,0.0005,53073
1632,248,24.8,10.0,1.0,0.0005,53103
1633,248,24.8,10.0,1.0,0.0005,53126
1634,248,24.8,10.0,1.0,0.0005,53160
1635,248,24.8,10.0,1.0,0.0005,53188
1636,248,24.8,10.0,1.0,0.0005,53204
1637,248,24.8,10.0,1.0,0.0005,53206
1638,248,24.8,10.0,1.0,0.0005,53242
1639,248,24.8,10.0,1.0,0.0005,53277
1640,248,24.8,10.0,1.0,0.0005,53283
1641,248,24.8,10.0,1.0,0.0005,53310
1642,248,24.8,10.0,1.0,0.0005,53342
1643,248,24.8,10.0,1.0,0.0005,53371
1644,248,24.8,10.0,1.0,0.0005,53389
1645,248,24.8,10.0,1.0,0.0005,53401
1646,248,24.8,10.0,1.0,0.0005,53406
1647,248,24.8,10.0,1.0,0.0005,53431
1648,248,24.8,10.0,1.0,0.0005,53454
1649,248,24.8,10.0,1.0,0.0005,53481
1650,248,24.8,10.0,1.0,0.0005,53499
1651,248,24.8,10.0,1.0,0.0005,53529
1652,248,24.8,10.0,1.0,0.0005,53561
1653,248,24.8,10.0,1.0,0.0005,53583
1654,248,24.8,10.0,1.0,0.0005,53600
1655,248,24.8,10.0,1.0,0.0005,53620
1656,248,24.8,10.0,1.0,0.0005,53625
1657,248,24.8,10.0,1.0,0.0005,53628
1658,248,24.8,10.0,1.0,0.0005,53652
1659,248,24.8,10.0,1.0,0.0005,53684
1660,248,24.8,10.0,1.0,0.0005,53699
1661,248,24.8,10.0,1.0,0.0005,53719
1662,248,24.8,10.0,1.0,0.0005,53736
1663,248,24.8,10.0,1.0,0.0005,53757
1664,248,24.8,10.0,1.0,0.0005,53779
1665,248,24.8,10.0,1.0,0.0005,53800
1666,248,24.8,10.0,1.0,0.0005,53816
1667,248,24.8,10.0,1.0,0.0005,53843
1668,248,24.8,10.0,1.0,0.0005,53874
1669,248,24.8,10.0,1.0,0.0005,53899
1670,248,24.8,10.0,1.0,0.0005,53916
1671,248,24.8,10.0,1.0,0.0005,53944
1672,248,24.8,10.0,1.0,0.0005,53951
1673,248,24.8,10.0,1.0,0.0005,53968
1674,248,24.8,10.0,1.0,0.0005,53988
1675,248,24.8,10.0,1.0,0.0005,53996
1676,248,24.8,10.0,1.0,0.0005,54021
1677,248,24.8,10.0,1.0,0.0005,54052
1678,248,24.8,10.0,1.0,0.0005,54079
1679,248,24.8,10.0,1.0,0.0005,54111
1680,248,24.8,10.0,1.0,0.0005,54138
1681,248,24.8,10.0,1.0,0.0005,54161
1682,248,24.8,10.0,1.0,0.0005,54192
1683,248,24.8,10.0,1.0,0.0005,54228
1684,248,24.8,10.0,1.0,0.0005,54248
1685,248,24.8,10.0,1.0,0.0005,54270
1686,248,24.8,10.0,1.0,0.0005,54289
1687,248,24.8,10.0,1.0,0.0005,54321
1688,248,24.8,10.0,1.0,0.0005,54342
1689,248,24.8,10.0,1.0,0.0005,54378
1690,248,24.8,10.0,1.0,0.0005,54407
1691,248,24.8,10.0,1.0,0.0005,54434
1692,248,24.8,10.0,1.0,0.0005,54459
1693,248,24.8,10.0,1.0,0.0005,54478
1694,248,24.8,10.0,1.0,0.0005,54496
1695,248,24.8,10.0,1.0,0.0005,54509
1696,248,24.8,10.0,1.0,0.0005,54540
1697,248,24.8,10.0,1.0,0.0005,54557
1698,248,24.8,10.0,1.0,0.0005,54585
1699,248,24.8,10.0,1.0,0.0005,54614
1700,248,24.8,10.0,1.0,0.0005,54641
1701,248,24.8,10.0,1.0,0.0005,54646
1702,248,24.8,10.0,1.0,0.0005,54675
1703,248,24.8,10.0,1.0,0.0005,54706
1704,248,24.8,10.0,1.0,0.0005,54726
1705,248,24.8,10.0,1.0,0.0005,54742
1706,248,24.8,10.0,1.0,0.0005,54768
1707,248,24.8,10.0,1.0,0.0005,54779
1708,248,24.8,10.0,1.0,0.0005,54816
1709,248,24.8,10.0,1.0,0.0005,54837
1710,248,24.8,10.0,1.0,0.0005,54871
1711,248,24.8,10.0,1.0,0.0005,54887
1712,248,24.8,10.0,1.0,0.0005,54889
1713,248,24.8,10.0,1.0,0.0005,54891
1714,248,24.8,10.0,1.0,0.0005,54917
1715,248,24.8,10.0,1.0,0.0005,54936
1716,248,24.8,10.0,1.0,0.0005,54955
1717,248,24.8,10.0,1.0,0.0005,54977
1718,248,24.8,10.0,1.0,0.0005,54991
1719,248,24.8,10.0,1.0,0.0005,55014
1720,248,24.8,10.0,1.0,0.0005,55019
1721,248,24.8,10.0,1.0,0.0005,55043
1722,248,24.8,10.0,1.0,0.0005,55079
1723,248,24.8,10.0,1.0,0.0005,55101
1724,248,24.8,10.0,1.0,0.0005,55133
1725,248,24.8,10.0,1.0,0.0005,55153
1726,248,24.8,10.0,1.0,0.0005,55184
1727,248,24.8,10.0,1.0,0.0005,55219
1728,248,24.8,10.0,1.0,0.0005,55225
1729,248,24.8,10.0,1.0,0.0005,55252
1730,248,24.8,10.0,1.0,0.0005,55277
1731,248,24.8,10.0,1.0,0.0005,55306
1732,248,24.8,10.0,1.0,0.0005,55337
1733,248,24.8,10.0,1.0,0.0005,55358
1734,248,24.8,10.0,1.0,0.0005,55361
1735,248,24.8,10.0,1.0,0.0005,55376
1736,248,24.8,10.0,1.0,0.0005,55381
1737,248,24.8,10.0,1.0,0.0005,55398
1738,248,24.8,10.0,1.0,0.0005,55433
1739,248,24.8,10.0,1.0,0.0005,55450
1740,248,24.8,10.0,1.0,0.0005,55479
1741,248,24.8,10.0,1.0,0.0005,55509
1742,248,24.8,10.0,1.0,0.0005,55535
1743,248,24.8,10.0,1.0,0.0005,55568
1744,248,24.8,10.0,1.0,0.0005,55584
1745,248,24.8,10.0,1.0,0.0005,55611
1746,248,24.8,10.0,1.0,0.0005,55647
1747,248,24.8,10.0,1.0,0.0005,55667
1748,248,24.8,10.0,1.0,0.0005,55687
1749,248,24.8,10.0,1.0,0.0005,55705
1750,248,24.8,10.0,1.0,0.0005,55716
1751,248,24.8,10.0,1.0,0.0005,55737
1752,248,24.8,10.0,1.0,0.0005,55759
1753,248,24.8,10.0,1.0,0.0005,55795
1754,248,24.8,10.0,1.0,0.0005,55821
1755,248,24.8,10.0,1.0,0.0005,55839
1756,248,24.8,10.0,1.0,0.0005,55863
1757,248,24.8,10.0,1.0,0.0005,55900
1758,248,24.8,10.0,1.0,0.0005,55928
1759,248,24.8,10.0,1.0,0.0005,55949
1760,248,24.8,10.0,1.0,0.0005,55985
1761,248,24.8,10.0,1.0,0.0005,56002
1762,248,24.8,10.0,1.0,0.0005,56018
1763,248,24.8,10.0,1.0,0.0005,56055
1764,248,24.8,10.0,1.0,0.0005,56076
1765,248,24.8,10.0,1.0,0.0005,56098
1766,248,24.8,10.0,1.0,0.0005,56126
1767,248,24.8,10.0,1.0,0.0005,56131
1768,248,24.8,10.0,1.0,0.0005,56145
1769,248,24.8,10.0,1.0,0.0005,56178
1770,248,24.8,10.0,1.0,0.0005,56206
1771,248,24.8,10.0,1.0,0.0005,56231
1772,248,24.8,10.0,1.0,0.0005,56238
1773,248,24.8,10.0,1.0,0.0005,56266
1774,248,24.8,10.0,1.0,0.0005,56294
1775,248,24.8,10.0,1.0,0.0005,56317
1776,248,24.8,10.0,1.0,0.0005,56341
1777,248,24.8,10.0,1.0,0.0005,56343
1778,248,24.8,10.0,1.0,0.0005,56362
1779,248,24.8,10.0,1.0,0.0005,56396
1780,248,24.8,10.0,1.0,0.0005,56423
1781,248,24.8,10.0,1.0,0.0005,56453
1782,248,24.8,10.0,1.0,0.0005,56489
1783,248,24.8,10.0,1.0,0.0005,56517
1784,248,24.8,10.0,1.0,0.0005,56548
1785,248,24.8,10.0,1.0,0.0005,56549
1786,248,24.8,10.0,1.0,0.0005,56562
1787,248,24.8,10.0,1.0,0.0005,56598
1788,248,24.8,10.0,1.0,0.0005,56623
1789,248,24.8,10.0,1.0,0.0005,56654
1790,248,24.8,10.0,1.0,0.0005,56671
1791,248,24.8,10.0,1.0,0.0005,56688
1792,248,24.8,10.0,1.0,0.0005,56710
1793,248,24.8,10.0,1.0,0.0005,56739
1794,248,24.8,10.0,1.0,0.0005,56766
1795,248,24.8,10.0,1.0,0.0005,56767
1796,248,24.8,10.0,1.0,0.0005,56770
1797,248,24.8,10.0,1.0,0.0005,56805
1798,248,24.8,10.0,1.0,0.0005,56833
1799,248,24.8,10.0,1.0,0.0005,56841
1800,248,24.8,10.0,1.0,0.0005,56877
1801,248,24.8,10.0,1.0,0.0005,56908
1802,248,24.8,10.0,1.0,0.0005,56920
1803,248,24.8,10.0,1.0,0.0005,56955
1804,248,24.8,10.0,1.0,0.0005,56973
1805,248,24.8,10.0,1.0,0.0005,56986
1806,248,24.8,10.0,1.0,0.0005,56989
1807,248,24.8,10.0,1.0,0.0005,57023
1808,248,24.8,10.0,1.0,0.0005,57051
1809,248,24.8,10.0,1.0,0.0005,57074
1810,248,24.8,10.0,1.0,0.0005,57107
1811,248,24.8,10.0,1.0,0.0005,57126
1812,248,24.8,10.0,1.0,0.0005,57147
1813,248,24.8,10.0,1.0,0.0005,57168
1814,248,24.8,10.0,1.0,0.0005,57188
1815,248,24.8,10.0,1.0,0.0005,57219
1816,248,24.8,10.0,1.0,0.0005,57247
1817,248,24.8,10.0,1.0,0.0005,57284
1818,248,24.8,10.0,1.0,0.0005,57320
1819,248,24.8,10.0,1.0,0.0005,57347
1820,248,24.8,10.0,1.0,0.0005,57379
1821,248,24.8,10.0,1.0,0.0005,57398
1822,248,24.8,10.0,1.0,0.0005,57426
1823,248,24.8,10.0,1.0,0.0005,57429
1824,248,24.8,10.0,1.0,0.0005,57447
1825,248,24.8,10.0,1.0,0.0005,57473
1826,248,24.8,10.0,1.0,0.0005,57498
1827,248,24.8,10.0,1.0,0.0005,57502
1828,248,24.8,10.0,1.0,0.0005,57505
1829,248,24.8,10.0,1.0,0.0005,57536
1830,248,24.8,10.0,1.0,0.0005,57568
1831,248,24.8,10.0,1.0,0.0005,57596
1832,248,24.8,10.0,1.0,0.0005,57623
1833,248,24.8,10.0,1.0,0.0005,57651
1834,248,24.8,10.0,1.0,0.0005,57670
1835,248,24.8,10.0,1.0,0.0005,57697
1836,248,24.8,10.0,1.0,0.0005,57706
1837,248,24.8,10.0,1.0,0.0005,57707
1838,248,24.8,10.0,1.0,0.0005,57732
1839,248,24.8,10.0,1.0,0.0005,57733
1840,248,24.8,10.0,1.0,0.0005,57755
1841,248,24.8,10.0,1.0,0.0005,57772
1842,248,24.8,10.0,1.0,0.0005,57805
1843,248,24.8,10.0,1.0,0.0005,57807
1844,248,24.8,10.0,1.0,0.0005,57827
1845,248,24.8,10.0,1.0,0.0005,57844
1846,248,24.8,10.0,1.0,0.0005,57857
1847,248,24.8,10.0,1.0,0.0005,57890
1848,248,24.8,10.0,1.0,0.0005,57898
1849,248,24.8,10.0,1.0,0.0005,57922
1850,248,24.8,10.0,1.0,0.0005,57948
1851,248,24.8,10.0,1.0,0.0005,57975
1852,248,24.8,10.0,1.0,0.0005,58003
1853,248,24.8,10.0,1.0,0.0005,58029
1854,248,24.8,10.0,1.0,0.0005,58051
1855,248,24.8,10.0,1.0,0.0005,58064
1856,248,24.8,10.0,1.0,0.0005,58066
1857,248,24.8,10.0,1.0,0.0005,58102
1858,248,24.8,10.0,1.0,0.0005,58130
1859,248,24.8,10.0,1.0,0.0005,58167
1860,248,24.8,10.0,1.0,0.0005,58170
1861,248,24.8,10.0,1.0,0.0005,58198
1862,248,24.8,10.0,1.0,0.0005,58218
1863,248,24.8,10.0,1.0,0.0005,58235
1864,248,24.8,10.0,1.0,0.0005,58245
1865,248,24.8,10.0,1.0,0.0005,58280
1866,248,24.8,10.0,1.0,0.0005,58312
1867,248,24.8,10.0,1.0,0.0005,58334
1868,248,24.8,10.0,1.0,0.0005,58362
1869,248,24.8,10.0,1.0,0.0005,58381
1870,248,24.8,10.0,1.0,0.0005,58396
1871,248,24.8,10.0,1.0,0.0005,58424
1872,248,24.8,10.0,1.0,0.0005,58448
1873,248,24.8,10.0,1.0,0.0005,58451
1874,248,24.8,10.0,1.0,0.0005,58468
1875,248,24.8,10.0,1.0,0.0005,58495
1876,248,24.8,10.0,1.0,0.0005,58511
1877,248,24.8,10.0,1.0,0.0005,58524
1878,248,24.8,10.0,1.0,0.0005,58551
1879,248,24.8,10.0,1.0,0.0005,58586
1880,248,24.8,10.0,1.0,0.0005,58616
1881,248,24.8,10.0,1.0,0.0005,58644
1882,248,24.8,10.0,1.0,0.0005,58670
1883,248,24.8,10.0,1.0,0.0005,58681
1884,248,24.8,10.0,1.0,0.0005,58702
1885,248,24.8,10.0,1.0,0.0005,58710
1886,248,24.8,10.0,1.0,0.0005,58712
1887,248,24.8,10.0,1.0,0.0005,58738
1888,248,24.8,10.0,1.0,0.0005,58771
1889,248,24.8,10.0,1.0,0.0005,58805
1890,248,24.8,10.0,1.0,0.0005,58831
1891,248,24.8,10.0,1.0,0.0005,58858
1892,248,24.8,10.0,1.0,0.0005,58880
1893,248,24.8,10.0,1.0,0.0005,58911
1894,248,24.8,10.0,1.0,0.0005,58930
1895,248,24.8,10.0,1.0,0.0005,58950
1896,248,24.8,10.0,1.0,0.0005,58982
1897,248,24.8,10.0,1.0,0.0005,58996
1898,248,24.8,10.0,1.0,0.0005,59021
1899,248,24.8,10.0,1.0,0.0005,59045
1900,248,24.8,10.0,1.0,0.0005,59062
1901,248,24.8,10.0,1.0,0.0005,59097
1902,248,24.8,10.0,1.0,0.0005,59115
1903,248,24.8,10.0,1.0,0.0005,59129
1904,248,24.8,10.0,1.0,0.0005,59162
1905,248,24.8,10.0,1.0,0.0005,59187
1906,248,24.8,10.0,1.0,0.0005,59212
1907,248,24.8,10.0,1.0,0.0005,59236
1908,248,24.8,10.0,1.0,0.0005,59269
1909,248,24.8,10.0,1.0,0.0005,59294
1910,248,24.8,10.0,1.0,0.0005,59315
1911,248,24.8,10.0,1.0,0.0005,59336
1912,248,24.8,10.0,1.0,0.0005,59363
1913,248,24.8,10.0,1.0,0.0005,59387
1914,248,24.8,10.0,1.0,0.0005,59393
1915,248,24.8,10.0,1.0,0.0005,59422
1916,248,24.8,10.0,1.0,0.0005,59442
1917,248,24.8,10.0,1.0,0.0005,59464
1918,248,24.8,10.0,1.0,0.0005,59486
1919,248,24.8,10.0,1.0,0.0005,59503
1920,248,24.8,10.0,1.0,0.0005,59536
1921,248,24.8,10.0,1.0,0.0005,59563
1922,248,24.8,10.0,1.0,0.0005,59565
1923,248,24.8,10.0,1.0,0.0005,59595
1924,248,24.8,10.0,1.0,0.0005,59628
1925,248,24.8,10.0,1.0,0.0005,59631
1926,248,24.8,10.0,1.0,0.0005,59664
1927,248,24.8,10.0,1.0,0.0005,59685
1928,248,24.8,10.0,1.0,0.0005,59712
1929,248,24.8,10.0,1.0,0.0005,59744
1930,248,24.8,10.0,1.0,0.0005,59759
1931,248,24.8,10.0,1.0,0.0005,59788
1932,248,24.8,10.0,1.0,0.0005,59808
1933,248,24.8,10.0,1.0,0.0005,59836
1934,248,24.8,10.0,1.0,0.0005,59852
1935,248,24.8,10.0,1.0,0.0005,59888
1936,248,24.8,10.0,1.0,0.0005,59921
1937,248,24.8,10.0,1.0,0.0005,59923
1938,248,24.8,10.0,1.0,0.0005,59956
1939,248,24.8,10.0,1.0,0.0005,59961
1940,248,24.8,10.0,1.0,0.0005,59980
1941,248,24.8,10.0,1.0,0.0005,59995
1942,248,24.8,10.0,1.0,0.0005,60025
1943,248,24.8,10.0,1.0,0.0005,60054
1944,248,24.8,10.0,1.0,0.0005,60084
1945,248,24.8,10.0,1.0,0.0005,60118
1946,248,24.8,10.0,1.0,0.0005,60139
1947,248,24.8,10.0,1.0,0.0005,60162
1948,248,24.8,10.0,1.0,0.0005,60178
1949,248,24.8,10.0,1.0,0.0005,60196
1950,248,24.8,10.0,1.0,0.0005,60214
1951,248,24.8,10.0,1.0,0.0005,60234
1952,248,24.8,10.0,1.0,0.0005,60255
1953,248,24.8,10.0,1.0,0.0005,60286
1954,248,24.8,10.0,1.0,0.0005,60318
1955,248,24.8,10.0,1.0,0.0005,60320
1956,248,24.8,10.0,1.0,0.0005,60348
1957,248,24.8,10.0,1.0,0.0005,60381
1958,248,24.8,10.0,1.0,0.0005,60403
1959,248,24.8,10.0,1.0,0.0005,60404
1960,248,24.8,10.0,1.0,0.0005,60437
1961,248,24.8,10.0,1.0,0.0005,60471
1962,248,24.8,10.0,1.0,0.0005,60503
1963,248,24.8,10.0,1.0,0.0005,60533
1964,248,24.8,10.0,1.0,0.0005,60553
1965,248,24.8,10.0,1.0,0.0005,60581
1966,248,24.8,10.0,1.0,0.0005,60608
1967,248,24.8,10.0,1.0,0.0005,60619
1968,248,24.8,10.0,1.0,0.0005,60637
1969,248,24.8,10.0,1.0,0.0005,60657
1970,248,24.8,10.0,1.0,0.0005,60666
1971,248,24.8,10.0,1.0,0.0005,60672
1972,248,24.8,10.0,1.0,0.0005,60698
1973,248,24.8,10.0,1.0,0.0005,60730
1974,248,24.8,10.0,1.0,0.0005,60757
1975,248,24.8,10.0,1.0,0.0005,60787
1976,248,24.8,10.0,1.0,0.0005,60819
1977,248,24.8,10.0,1.0,0.0005,60850
1978,248,24.8,10.0,1.0,0.0005,60872
1979,248,24.8,10.0,1.0,0.0005,60900
1980,248,24.8,10.0,1.0,0.0005,60921
1981,248,24.8,10.0,1.0,0.0005,60940
1982,248,24.8,10.0,1.0,0.0005,60943
1983,248,24.8,10.0,1.0,0.0005,60961
1984,248,24.8,10.0,1.0,0.0005,60987
1985,248,24.8,10.0,1.0,0.0005,61006
1986,248,24.8,10.0,1.0,0.0005,61036
1987,248,24.8,10.0,1.0,0.0005,61065
1988,248,24.8,10.0,1.0,0.0005,61099
1989,248,24.8,10.0,1.0,0.0005,61109
1990,248,24.8,10.0,1.0,0.0005,61128
1991,248,24.8,10.0,1.0,0.0005,61158
1992,248,24.8,10.0,1.0,0.0005,61185
1993,248,24.8,10.0,1.0,0.0005,61209
1994,248,24.8,10.0,1.0,0.0005,61213
1995,248,24.8,10.0,1.0,0.0005,61247
1996,248,24.8,10.0,1.0,0.0005,61279
1997,248,24.8,10.0,1.0,0.0005,61291
1998,248,24.8,10.0,1.0,0.0005,61321
1999,248,24.8,10.0,1.0,0.0005,61355
2000,248,24.8,10.0,1.0,0.0005,61385
