episode,W_mean
1,0.0
2,0.0
3,0.0
4,0.0
5,0.0
6,0.0
7,0.0
8,0.0
9,0.0
10,0.0
11,0.0
12,0.0
13,0.0
14,0.0
15,0.0
16,0.0
17,0.0
18,0.0
19,0.0
20,0.0
21,0.0
22,0.0
23,0.0
24,0.0
25,0.0
26,0.02494737246826578
27,0.021383462115656383
28,0.018710529351199334
29,0.018710529351199334
30,0.018710529351199334
31,0.018710529351199334
32,0.01663158164551052
33,0.01663158164551052
34,0.01663158164551052
35,0.01663158164551052
36,0.01663158164551052
37,0.01663158164551052
38,0.014968423480959466
39,0.014968423480959466
40,0.014968423480959466
41,0.013607657709963151
42,0.013607657709963151
43,0.01247368623413289
44,0.011514171908430359
45,0.011514171908430359
46,0.011514171908430359
47,0.011514171908430359
48,0.011514171908430359
49,0.011514171908430359
50,0.011514171908430359
51,0.011514171908430359
52,0.011514171908430359
53,0.010691731057828191
54,0.010691731057828191
55,0.010691731057828191
56,0.010691731057828191
57,0.010691731057828191
58,0.009978948987306311
59,0.009978948987306311
60,0.009978948987306311
61,0.009978948987306311
62,0.009978948987306311
63,0.009978948987306311
64,0.009978948987306311
65,0.009978948987306311
66,0.009978948987306311
67,0.009978948987306311
68,0.009978948987306311
69,0.009978948987306311
70,0.009978948987306311
71,0.009978948987306311
72,0.009978948987306311
73,0.009978948987306311
74,0.009978948987306311
75,0.009978948987306311
76,0.009978948987306311
77,0.009978948987306311
78,0.009978948987306311
79,0.009355264675599667
80,0.009355264675599667
81,0.009355264675599667
82,0.009355264675599667
83,0.008804954988799686
84,0.00831579082275526
85,0.00831579082275526
86,0.00831579082275526
87,0.00831579082275526
88,0.00831579082275526
89,0.00831579082275526
90,0.00831579082275526
91,0.00831579082275526
92,0.00831579082275526
93,0.00831579082275526
94,0.00831579082275526
95,0.007878117621557615
96,0.007878117621557615
97,0.007484211740479735
98,0.007484211740479735
99,0.007127820705218795
100,0.007127820705218795
101,0.007127820705218795
102,0.007127820705218795
103,0.006803828854981577
104,0.006803828854981577
105,0.006803828854981577
106,0.006803828854981577
107,0.006508010209112813
108,0.006508010209112813
109,0.006236843117066446
110,0.006236843117066446
111,0.006236843117066446
112,0.006236843117066446
113,0.0064978380792198205
114,0.0064978380792198205
115,0.0064978380792198205
116,0.0064978380792198205
117,0.008420378354947574
118,0.008420378354947574
119,0.008420378354947574
120,0.008108512489949517
121,0.008108512489949517
122,0.007818922758165606
123,0.007818922758165606
124,0.007818922758165606
125,0.0075493047320219645
126,0.007297661240954565
127,0.007062252813826999
128,0.007062252813826999
129,0.013892338663394906
130,0.013892338663394906
131,0.013892338663394906
132,0.013892338663394906
133,0.013892338663394906
134,0.013892338663394906
135,0.013892338663394906
136,0.013892338663394906
137,0.013892338663394906
138,0.013892338663394906
139,0.01347135870389809
140,0.01347135870389809
141,0.019379370212606967
142,0.019379370212606967
143,0.018825673920818194
144,0.018825673920818194
145,0.0183027385341288
146,0.0183027385341288
147,0.017808069925098292
148,0.017808069925098292
149,0.017808069925098292
150,0.017808069925098292
151,0.017808069925098292
152,0.017808069925098292
153,0.017808069925098292
154,0.017808069925098292
155,0.017808069925098292
156,0.017808069925098292
157,0.0217471287358771
158,0.0217471287358771
159,0.021278495316795567
160,0.021278495316795567
161,0.02118242071165462
162,0.02073781977560291
163,0.02064632015165915
164,0.02064632015165915
165,0.020559076324177892
166,0.020559076324177892
167,0.020559076324177892
168,0.02047579812521851
169,0.02005342723596938
170,0.019651659804732408
171,0.01957208285906011
172,0.019495965780590954
173,0.019495965780590954
174,0.019423087726737506
175,0.019423087726737506
176,0.019353246258461285
177,0.019353246258461285
178,0.019353246258461285
179,0.019286255462359604
180,0.018903619813562488
181,0.01853878117168617
182,0.01853878117168617
183,0.01819052610444059
184,0.01819052610444059
185,0.020567054479714422
186,0.02050274331545681
187,0.020440954157640672
188,0.020381541505894385
189,0.020004335065311043
190,0.020004335065311043
191,0.020004335065311043
192,0.020004335065311043
193,0.019947164400423108
194,0.01958600929773693
195,0.023929104213030027
196,0.023796086585948832
197,0.02366781958840625
198,0.02332171261499866
199,0.0229897324568322
200,0.022671031504992393
201,0.022671031504992393
202,0.022671031504992393
203,0.022671031504992393
204,0.022364828629695327
205,0.022070402788063534
206,0.02178708735554992
207,0.02166332095441234
208,0.021390498686065896
209,0.021390498686065896
210,0.021127597227477507
211,0.020874085106695844
212,0.020874085106695844
213,0.02062946814804687
214,0.02062946814804687
215,0.02050996955384507
216,0.020273787662735722
217,0.02015833986833737
218,0.02015833986833737
219,0.0200467403337523
220,0.019938799800301166
221,0.01971062407499213
222,0.01960616549423297
223,0.01960616549423297
224,0.01950502305889473
225,0.01950502305889473
226,0.01950502305889473
227,0.019284453191095997
228,0.01918647145686208
229,0.01918647145686208
230,0.019091504545219976
231,0.019091504545219976
232,0.01899941541877915
233,0.01899941541877915
234,0.018910075221485807
235,0.018910075221485807
236,0.018910075221485807
237,0.018823362677054034
238,0.018823362677054034
239,0.01861002460819952
240,0.018525825470852728
241,0.01831936927518707
242,0.01831936927518707
243,0.018237575827478758
244,0.01815808642055096
245,0.01815808642055096
246,0.01815808642055096
247,0.01815808642055096
248,0.018080805052704492
249,0.018080805052704492
250,0.0178809030219806
251,0.017687247929716828
252,0.017687247929716828
253,0.017612083859619578
254,0.017538951250876306
255,0.017467768845032854
256,0.017280072370992584
257,0.017280072370992584
258,0.017280072370992584
259,0.01709806366889293
260,0.017028754484255886
261,0.0168521788777413
262,0.01668079667141831
263,0.016514382065278603
264,0.016446873119203557
265,0.016381095171745824
266,0.016381095171745824
267,0.016381095171745824
268,0.016219435268638678
269,0.016219435268638678
270,0.016219435268638678
271,0.016062329165619057
272,0.015998216482653923
273,0.015845474438051513
274,0.015696917106999855
275,0.015552374838949591
276,0.015552374838949591
277,0.015489864973058588
278,0.015349177165489666
279,0.015349177165489666
280,0.015349177165489666
281,0.015212191668646239
282,0.015151225256234024
283,0.015151225256234024
284,0.01583060331042048
285,0.015771123883676852
286,0.015630697084735273
287,0.015572650897190291
288,0.015435779207082674
289,0.015302329309227748
290,0.015302329309227748
291,0.015302329309227748
292,0.01524566517376717
293,0.01524566517376717
294,0.01524566517376717
295,0.015115510335118536
296,0.0150601794734335
297,0.0150061353759737
298,0.0150061353759737
299,0.01495333367155895
300,0.01482635334117004
301,0.01482635334117004
302,0.014702432777778454
303,0.014702432777778454
304,0.014650831112100405
305,0.014600389034415118
306,0.014479418960628095
307,0.014361295241518413
308,0.014245918585643839
309,0.014245918585643839
310,0.014133194266685922
311,0.014133194266685922
312,0.014023031864067958
313,0.013973710721442347
314,0.013925473559973341
315,0.013817786716964769
316,0.013817786716964769
317,0.013817786716964769
318,0.013817786716964769
319,0.013712492914911943
320,0.013665304387387917
321,0.013665304387387917
322,0.013665304387387917
323,0.013665304387387917
324,0.013562324734830756
325,0.013461583770372668
326,0.013363009278268514
327,0.013363009278268514
328,0.013266532115783599
329,0.013266532115783599
330,0.013172086051456259
331,0.013172086051456259
332,0.013172086051456259
333,0.013172086051456259
334,0.013172086051456259
335,0.013079607613469074
336,0.013079607613469074
337,0.013033433892988574
338,0.012988242592092766
339,0.012988242592092766
340,0.012897670926022842
341,0.012897670926022842
342,0.012808947661301282
343,0.012722016785766017
344,0.01263682452774146
345,0.012592584622653984
346,0.012549266382255831
347,0.0124657610996377
348,0.012423336018835386
349,0.012423336018835386
350,0.012423336018835386
351,0.012341468094699963
352,0.012299908831873206
353,0.012259189150113656
354,0.012178910894408047
355,0.01210017645131216
356,0.01210017645131216
357,0.01202294171189429
358,0.01202294171189429
359,0.011983036423769931
360,0.011907258943586362
361,0.011832897864901552
362,0.011793782780502426
363,0.011793782780502426
364,0.011793782780502426
365,0.0117554346585425
366,0.0117554346585425
367,0.0117554346585425
368,0.0117554346585425
369,0.0117554346585425
370,0.011682450636870373
371,0.011682450636870373
372,0.011682450636870373
373,0.011610805771559199
374,0.011610805771559199
375,0.011610805771559199
376,0.011540463540162773
377,0.011540463540162773
378,0.011502860041930225
379,0.011502860041930225
380,0.011502860041930225
381,0.011433785238126529
382,0.01139690488409076
383,0.01139690488409076
384,0.011360727012989007
385,0.011325231743228794
386,0.01125739041806445
387,0.011222558611290411
388,0.011222558611290411
389,0.011155918017544906
390,0.011121731244229644
391,0.011297889411416087
392,0.011264329918345143
393,0.01123138059787549
394,0.01123138059787549
395,0.01123138059787549
396,0.013338664598495378
397,0.013287782813389912
398,0.013221348859766582
399,0.015375311299016783
400,0.015310022758386957
401,0.015245850261186699
402,0.015182765433430515
403,0.015120740854880316
404,0.015059750019305955
405,0.015032135116238644
406,0.015005219324641392
407,0.014978976427834072
408,0.014978976427834072
409,0.014928995205296844
410,0.014869012482707184
411,0.014843417558660537
412,0.014784418159392018
413,0.014759447501785533
414,0.014795045245161526
415,0.014795045245161526
416,0.014737186172138407
417,0.014737186172138407
418,0.01471281721712485
419,0.01619515429694299
420,0.0161335870447344
421,0.016076653716879653
422,0.016016147969019488
423,0.01599235922722054
424,0.015932887765648582
425,0.01587442429495073
426,0.01587442429495073
427,0.01581839467071272
428,0.015795165664014926
429,0.015772476866775215
430,0.01575030965108125
431,0.01575030965108125
432,0.01572864623574396
433,0.015673498967793166
434,0.01561601807643477
435,0.01709093663873443
436,0.017036651046845368
437,0.018533339864612954
438,0.01847989590980744
439,0.01841165075491
440,0.018359029014793804
441,0.01830721066002289
442,0.018269639482777208
443,0.01823289404569077
444,0.0181818608175073
445,0.01969156661893486
446,0.01962444023706852
447,0.01962444023706852
448,0.01955840534108619
449,0.01949343552407132
450,0.019429505224128684
451,0.01937771172800818
452,0.01937771172800818
453,0.01937771172800818
454,0.019327445916789872
455,0.01926453038351299
456,0.019213838876671645
457,0.019151914139194405
458,0.019090956975740245
459,0.01904133265851661
460,0.018992742181235138
461,0.01894515356946462
462,0.01894515356946462
463,0.018898536153852688
464,0.018838524062700143
465,0.018792848413060167
466,0.018792848413060167
467,0.01874808627641299
468,0.018698570701183016
469,0.01865469494347935
470,0.018595606115267612
471,0.018537419406570558
472,0.01848863739541806
473,0.018431332303519447
474,0.020071317513754648
475,0.0200232528851191
476,0.0200232528851191
477,0.0200232528851191
478,0.0200232528851191
479,0.019954992047440345
480,0.019907629092215537
481,0.01986461364348645
482,0.019822433446189
483,0.019908180328200922
484,0.019908180328200922
485,0.01984093076219148
486,0.019774670160388058
487,0.01972771254317521
488,0.019686343503518094
489,0.019640056709408285
490,0.01957476341566039
491,0.019510416401532026
492,0.01944699524372205
493,0.01938448010245223
494,0.019322851700774878
495,0.01928227064282552
496,0.019221510246805597
497,0.019221510246805597
498,0.019221510246805597
499,0.019175880002966852
500,0.01913089243861879
501,0.019091077061008096
502,0.019046718693364204
503,0.01898680809309282
504,0.018927729584491862
505,0.01888398730528747
506,0.018844916140342394
507,0.018844916140342394
508,0.01880177720292013
509,0.01874351357029988
510,0.018705165945446384
511,0.018667521946736987
512,0.018610056446070437
513,0.018573096883701207
514,0.020051277172159376
515,0.019984988808070807
516,0.01991959022068142
517,0.01985506361445722
518,0.01981251562138321
519,0.01977622199707469
520,0.019740576473200246
521,0.019698607364385744
522,0.019634935415197632
523,0.019599920785551055
524,0.019558518826855668
525,0.019524118488957277
526,0.019461284328574267
527,0.01939927152976489
528,0.019338064091979017
529,0.019304262020826687
530,0.019243844356431596
531,0.019210625079609477
532,0.020403154507314364
533,0.020343511428360234
534,0.020294987312654056
535,0.02026233588671779
536,0.020214454474530897
537,0.020214454474530897
538,0.020167203080925414
539,0.021595242555210198
540,0.021539638659699073
541,0.021539638659699073
542,0.02150754064776172
543,0.021448657353252867
544,0.021393770927361243
545,0.021393770927361243
546,0.021335632991010732
547,0.021281450237245925
548,0.021227957709643724
549,0.02117514230264408
550,0.021122991240386572
551,0.021065584598832923
552,0.02100889554029869
553,0.020952910693671715
554,0.02092135214411987
555,0.02086985297014058
556,0.022294148816956065
557,0.022294148816956065
558,0.022238855141275105
559,0.02217951770603114
560,0.022120908337477284
561,0.022089875763751304
562,0.022031981143594448
563,0.02197478827640919
564,0.02194426863778611
565,0.02194426863778611
566,0.021889653412113505
567,0.021833149615617227
568,0.021777322511294557
569,0.021777322511294557
570,0.021747303194616124
571,0.02171777199690807
572,0.021662609500970195
573,0.02160809981563513
574,0.021554231420715775
575,0.022754465287725303
576,0.0227254103996577
577,0.022671461213322565
578,0.02261155427955291
579,0.022558259022749112
580,0.022505605877473068
581,0.02244639150941173
582,0.02238785776627064
583,0.02233583519758473
584,0.022307245187726213
585,0.02224938040164959
586,0.022192173169960205
587,0.022140769917568172
588,0.02211263371738995
589,0.02206183878751143
590,0.022005277965219665
591,0.021977584854808028
592,0.021921659547373473
593,0.021866359103709133
594,0.02183909869814768
595,0.02181226093453291
596,0.02176206359206473
597,0.02176206359206473
598,0.02170737759777444
599,0.02165776735872694
600,0.02160368562956693
601,0.02155465225376417
602,0.02150618573779728
603,0.02150618573779728
604,0.021452698313353315
605,0.021404788883776844
606,0.021404788883776844
607,0.021357426990538393
608,0.021304524128110208
609,0.021278099253166437
610,0.021247088820854
611,0.02119521146663985
612,0.021148387776733654
613,0.023095109088209068
614,0.023043789555007976
615,0.02299301889381973
616,0.02294672428515541
617,0.022900949840633386
618,0.022855686842418874
619,0.022805456294647523
620,0.022755757287064235
621,0.022729735845325713
622,0.02268497576931358
623,0.022635799909178533
624,0.02260875596169544
625,0.022564490472158583
626,0.022538863294688828
627,0.022523036292156504
628,0.022507464563858576
629,0.022492141983213417
630,0.022448362927627512
631,0.022400096294200218
632,0.022356795698238202
633,0.022309029237178032
634,0.022293949872098665
635,0.022251119934788413
636,0.022203845911471128
637,0.02215705674993146
638,0.022114689838970504
639,0.022068378117854708
640,0.02202646676507613
641,0.02198500366205989
642,0.021959761855679903
643,0.021918739849504265
644,0.02190389795474111
645,0.021863310043868912
646,0.021823149374163797
647,0.021808539384006315
648,0.021768799244874022
649,0.021722957693515746
650,0.021698092630514566
651,0.021683709151832396
652,0.02349647003436072
653,0.02345109152897576
654,0.024599636425654964
655,0.02454919587336738
656,0.024524699181669926
657,0.024474760525425004
658,0.024450624079193684
659,0.024401179865089804
660,0.025536983894073474
661,0.026264196038882696
662,0.026240411949530664
663,0.026188130090806696
664,0.02614312267907551
665,0.026115230723702636
666,0.026070687305906823
667,0.02602660074367815
668,0.02597482895186856
669,0.02594735960188013
670,0.02592392020947523
671,0.025880283510126438
672,0.02672330466571234
673,0.026672035512658183
674,0.026624802292816767
675,0.026597746015760492
676,0.026747340287872474
677,0.026700581773758107
678,0.02664980797483974
679,0.02660351704586652
680,0.0265804149109063
681,0.026530129321592915
682,0.02650735721713212
683,0.026484908121245238
684,0.026439077798530455
685,0.026389273411028688
686,0.026367140499590914
687,0.02631781043958916
688,0.02629598707936031
689,0.026247124602865685
690,0.02619872309313044
691,0.026153346535987092
692,0.026131826277983643
693,0.02608387924251821
694,0.026062655815659634
695,0.026035092683485264
696,0.02619072948153972
697,0.026143230549209483
698,0.02609617346741255
699,0.026075240772428752
700,0.02603031127496169
701,0.0259836899068851
702,0.025939200894687327
703,0.02589300921663909
704,0.02584724131545368
705,0.025801891385968594
706,0.026403317469792985
707,0.026359262496738603
708,0.02631180679216135
709,0.02626477861645416
710,0.026947773860660475
711,0.02690116746231389
712,0.026854451473196497
713,0.026808184676282154
714,0.026761994406492233
715,0.026716214716878225
716,0.026670390664431963
717,0.02664229506947269
718,0.02754534418242164
719,0.027524696286009044
720,0.027479308653109893
721,0.027430155791495412
722,0.027385198373126106
723,0.02734066508134519
724,0.0273202962105598
725,0.02727157451439808
726,0.02722745937559163
727,0.027179163196426957
728,0.027151474784003322
729,0.027103598571613992
730,0.027059895723824424
731,0.027067679552974833
732,0.027020388878551096
733,0.027000293415427253
734,0.02697300339742698
735,0.02692970708775639
736,0.02688282234186848
737,0.026839926923954094
738,0.02679344290239001
739,0.026766542741789745
740,0.027325560810064993
741,0.027277298966451827
742,0.0272574714428363
743,0.02720961687216502
744,0.0271671168037245
745,0.02712500664416876
746,0.02707755421274682
747,0.027035828620858255
748,0.027016263713449555
749,0.026969208373503948
750,0.02694990089908747
751,0.026908554630761528
752,0.027754990376982133
753,0.02778482704572032
754,0.027734928519596296
755,0.027708409921557736
756,0.027667437827605782
757,0.027617949988939572
758,0.027568867788295214
759,0.027520186258676527
760,0.027471900513851483
761,0.027424005746717335
762,0.02737649722770523
763,0.027329370303223348
764,0.027288767327234925
765,0.027242017418148898
766,0.027201778594411495
767,0.027224567370046505
768,0.027178283575847874
769,0.027132365661445272
770,0.02709248611291981
771,0.02705296104927013
772,0.027026815952612394
773,0.026987640668287047
774,0.026948810540651794
775,0.026910321028171234
776,0.026891265939041245
777,0.026853112579508114
778,0.026827333148537896
779,0.026801911765220045
780,0.026783104144780055
781,0.02674528255359069
782,0.026699726197569214
783,0.026654527146300847
784,0.026617033014775457
785,0.02659958148762325
786,0.026554735553942922
787,0.026517799078733965
788,0.026481178299894312
789,0.026444869187257553
790,0.026400372249170065
791,0.027068518592216005
792,0.027731505504041517
793,0.027741394324551468
794,0.027705392916259088
795,0.027669695317319387
796,0.02763429769820271
797,0.02768098121682388
798,0.02766241627535731
799,0.027627314870626543
800,0.027578391372833865
801,0.02754358247980919
802,0.027509062457266045
803,0.027460512421288573
804,0.027426277688187936
805,0.027407950758791447
806,0.027407096824786426
807,0.027596885657659026
808,0.02788764373485275
809,0.02783801314504073
810,0.027813046387267015
811,0.028052658196368076
812,0.028034564731040334
813,0.02800993765704585
814,0.02798564338134859
815,0.027951833066827077
816,0.027927864888790184
817,0.027894330576836195
818,0.027844360211594716
819,0.02781109853632328
820,0.027761501084255243
821,0.02771227238647768
822,0.027663408345720685
823,0.02806478959227143
824,0.028031797242305836
825,0.027999070959678674
826,0.027975422357348935
827,0.027957557923227877
828,0.028015199755251186
829,0.02799186437944237
830,0.027942063613963765
831,0.02790433032833738
832,0.027881301996947105
833,0.02783218420804536
834,0.027799620073481635
835,0.027750859504862814
836,0.02780750863357095
837,0.02778986890931305
838,0.027741431924005237
839,0.028131900042112884
840,0.02808258435729904
841,0.028033620927376716
842,0.028001316267988793
843,0.02796926799478649
844,0.027937473067617402
845,0.027920053839912723
846,0.02787143890415355
847,0.02782316875517281
848,0.02779162418176096
849,0.02776032701676803
850,0.027911987700105674
851,0.02789974629401494
852,0.027882543454232057
853,0.027859816146781527
854,0.02816118236885064
855,0.02813875022123713
856,0.028121759762192305
857,0.028090875565686027
858,0.028069333442867953
859,0.028020151201573234
860,0.02833680269554909
861,0.028313024862675513
862,0.028287281011064078
863,0.028237771760473575
864,0.028188605134454633
865,0.028582313867304365
866,0.028552079119804688
867,0.028522076056193897
868,0.028796250295395003
869,0.02874546991434875
870,0.028695036157063904
871,0.02864494548656331
872,0.028595194413828823
873,0.028578412426674124
874,0.028548638394083264
875,0.028532061065308496
876,0.02848264614847086
877,0.02846050344792333
878,0.02844441578545992
879,0.028415041032263895
880,0.0283858879753184
881,0.02847660664713591
882,0.028427384770830812
883,0.028406418989400835
884,0.028369365711861445
885,0.029112426231911195
886,0.02906151292790746
887,0.029010936798102425
888,0.029305678279070997
889,0.029699006783555783
890,0.02964683798009097
891,0.02959501014919782
892,0.0295435199588968
893,0.02949236412048086
894,0.029463617149498914
895,0.029412792416833235
896,0.02969948940439377
897,0.029916777946689434
898,0.0298655216294914
899,0.029836287492601088
900,0.03010364044543174
901,0.030080104829203896
902,0.030051281164737563
903,0.030154383592310735
904,0.030102600427623492
905,0.030335658681766436
906,0.03083611164133032
907,0.03130587020934751
908,0.03156339278571771
909,0.031508004312660653
910,0.0314529620175602
911,0.03142979195468952
912,0.03137509260223766
913,0.03146361025681624
914,0.03140914489941943
915,0.03167763946337936
916,0.03162285072600787
917,0.0318577797128958
918,0.03180277518722225
919,0.03225376187152923
920,0.032919772625164836
921,0.032862049980293566
922,0.032804676112732696
923,0.032991272528239746
924,0.03324775934834245
925,0.03383149375094515
926,0.03415500218941254
927,0.0340946340275918
928,0.03403462413379374
929,0.03426876690094879
930,0.03447296753079784
931,0.034412374390465045
932,0.03435213663511953
933,0.034516927220247545
934,0.03477752791925728
935,0.0352509777580789
936,0.03523460136662262
937,0.03522675357439429
938,0.035198463897201555
939,0.03513649381621479
940,0.03507488194378864
941,0.03501362518301913
942,0.03495272047259887
943,0.034892164786307085
944,0.034831955132508405
945,0.03477208855366014
946,0.03471256212582806
947,0.035036064238424654
948,0.03497612842406969
949,0.03491653027627447
950,0.03485726694953428
951,0.03498287351150534
952,0.035138390632668805
953,0.03534178560748197
954,0.035847628837618876
955,0.036091403974134365
956,0.03602987740502561
957,0.036228575226473464
958,0.03616700987133691
959,0.036105781860612064
960,0.03606802062565486
961,0.036007396008028464
962,0.036231150012793506
963,0.03641328854001873
964,0.036570826063424614
965,0.03650949980976785
966,0.03649332072423273
967,0.03646523679014685
968,0.03670002429904454
969,0.0366385618289054
970,0.036583095171904
971,0.03668916837243962
972,0.03662822516649469
973,0.036567605266682096
974,0.036507306107080154
975,0.036447325148848145
976,0.03664898508938196
977,0.03658894713097714
978,0.036597727404503275
979,0.03653813679231697
980,0.03671224582030386
981,0.03695350578045134
982,0.03689345660210081
983,0.03688699788364982
984,0.03744095412740963
985,0.03746274574914303
986,0.0374018339714298
987,0.03738140902544137
988,0.03737839844532875
989,0.03731816800087305
990,0.0378323534874324
991,0.037956548834681025
992,0.03789531216476714
993,0.03783438477096392
994,0.03802389927741805
995,0.03796295496822528
996,0.038258707179552556
997,0.038197480572150416
998,0.038246671396563764
999,0.038398070374664944
1000,0.03837023681335022
1001,0.03856911559064683
1002,0.038860481171193395
1003,0.03879842409275429
1004,0.0389363855338221
1005,0.03887444719871859
1006,0.03887710926988293
1007,0.03920180207538064
1008,0.039139669115494116
1009,0.039077839243216804
1010,0.039016310246230375
1011,0.03895507993369533
1012,0.03889414613599097
1013,0.039061377237391046
1014,0.03954415565725708
1015,0.03977531914428453
1016,0.039713002842935635
1017,0.03990105667653289
1018,0.040101343149010704
1019,0.040038695716469716
1020,0.040485475943940794
1021,0.040422215151376464
1022,0.04035925346421433
1023,0.04029658876614258
1024,0.04023421896076765
1025,0.04038252103382671
1026,0.04032024211215919
1027,0.040607983734073275
1028,0.040789129471957924
1029,0.04104050229504047
1030,0.040977274729348485
1031,0.04122704826793206
1032,0.04116368192431512
1033,0.041463654486500905
1034,0.04169505974584612
1035,0.04166519506812211
1036,0.041601406112546986
1037,0.041537908430741614
1038,0.04175241926862301
1039,0.04169223093798269
1040,0.041891596013002526
1041,0.042052685164774804
1042,0.04223726395366862
1043,0.04239684894723321
1044,0.04268663529547077
1045,0.042621843336247286
1046,0.042757836756264475
1047,0.0429387815149441
1048,0.04311892028360732
1049,0.04340388218056142
1050,0.04333821818788122
1051,0.043471122355792834
1052,0.04348025544121395
1053,0.043414857128528
1054,0.04334974628095277
1055,0.04331438018818198
1056,0.04330703561482187
1057,0.0434103578916739
1058,0.043707164365339224
1059,0.04379288099663686
1060,0.04387070434609802
1061,0.044009789016594816
1062,0.04394451824438143
1063,0.04423697516476867
1064,0.04423713448412617
1065,0.044171796044207
1066,0.04421043736444728
1067,0.04441965639209092
1068,0.04469030056590938
1069,0.04508060454658147
1070,0.04501416891374753
1071,0.04545119275393407
1072,0.045396129330662546
1073,0.04532944851241598
1074,0.045461655614738514
1075,0.04539511730773653
1076,0.04549842483481721
1077,0.045569912324908035
1078,0.04550356474485978
1079,0.045437493613061736
1080,0.045371697205304415
1081,0.045436020331263136
1082,0.04541695119903383
1083,0.04552751499418835
1084,0.04572668494739965
1085,0.0456609704135198
1086,0.045595525754522415
1087,0.04566534935973493
1088,0.045600163413154274
1089,0.045535243531661704
1090,0.04570647975465575
1091,0.04578255767133785
1092,0.045717662871764736
1093,0.045690023580749056
1094,0.04579757874130072
1095,0.04614358359057591
1096,0.046135074762537524
1097,0.046069975844813614
1098,0.04606045117486922
1099,0.046036341233352755
1100,0.04597183037619356
1101,0.045907577047406264
1102,0.04627055928964999
1103,0.046366769507557616
1104,0.04630878758704297
1105,0.04634531992665319
1106,0.04628096339054074
1107,0.046618491027154575
1108,0.046697545510838226
1109,0.04663287629107971
1110,0.046988742538849666
1111,0.04692375657038569
1112,0.046892932090171195
1113,0.04688208171614066
1114,0.04682056218937548
1115,0.046804679499494226
1116,0.04674067995134357
1117,0.046676927983649974
1118,0.04676956769583827
1119,0.04670600574007318
1120,0.046642688253368716
1121,0.04657961382803357
1122,0.0465167810671633
1123,0.04660110869339246
1124,0.04680984882131131
1125,0.046757100244728296
1126,0.047101905496456486
1127,0.04717026678760973
1128,0.04721963680120817
1129,0.04715642560244172
1130,0.0470934529365008
1131,0.04719949613860888
1132,0.047136679252359155
1133,0.04732755027546808
1134,0.04740142783813284
1135,0.04733858575367606
1136,0.047392743121839664
1137,0.0473841467063032
1138,0.04747202803007807
1139,0.04785015212028898
1140,0.047953026640910466
1141,0.04798408873416239
1142,0.04807021458317166
1143,0.04800706669748213
1144,0.048117567150772755
1145,0.04805456411499841
1146,0.048118801737377925
1147,0.04824712384838555
1148,0.04834777215022407
1149,0.04843213740841525
1150,0.0483691351815886
1151,0.048715844396601614
1152,0.04876026792843312
1153,0.04869701412142646
1154,0.04869198151794922
1155,0.04872576281906912
1156,0.04878763789661435
1157,0.04872478919779413
1158,0.048662165763127395
1159,0.04860931188182525
1160,0.04854711831177513
1161,0.04862211476680763
1162,0.04871958857194835
1163,0.04875785714979906
1164,0.048812649843274936
1165,0.04914998305178906
1166,0.0492458353666373
1167,0.04938756003123528
1168,0.049743006074584796
1169,0.04967980380143747
1170,0.04961682329065206
1171,0.04955406337710233
1172,0.04958533355238623
1173,0.04963207282208428
1174,0.04979319540161659
1175,0.04981057660998361
1176,0.05005112289482252
1177,0.05009673088822728
1178,0.05003390075287353
1179,0.050079380950345885
1180,0.05018801045261824
1181,0.05022768278224814
1182,0.05032715293775558
1183,0.05026446641925816
1184,0.05026295166167441
1185,0.05035378831397222
1186,0.050696667365746594
1187,0.05063377851615206
1188,0.05074887582557791
1189,0.05078200981891632
1190,0.05072881604755962
1191,0.05078981326023456
1192,0.05072729822542632
1193,0.050770535387085584
1194,0.051033928672677614
1195,0.05097131856172145
1196,0.051013928656566496
1197,0.05112665406326998
1198,0.05116362894605312
1199,0.0513154700220591
1200,0.05125291242644526
1201,0.051355793590907604
1202,0.051485773535430504
1203,0.05159659480064297
1204,0.05163760529780974
1205,0.051689656042663304
1206,0.05165574839688426
1207,0.05170759775032303
1208,0.051792622085036134
1209,0.051768985552364796
1210,0.05172289817626316
1211,0.05176323211556448
1212,0.05170399034106567
1213,0.05164212561400643
1214,0.05180047872305433
1215,0.05192698805877895
1216,0.05221302324480976
1217,0.05217887186629397
1218,0.05211673924620896
1219,0.05215086023929681
1220,0.05233039941223883
1221,0.05237440993858014
1222,0.05231236251529264
1223,0.0524182993274006
1224,0.052385666386622676
1225,0.05239750914474432
1226,0.05241725372932173
1227,0.052460704578669214
1228,0.052549332936485955
1229,0.052637679487123626
1230,0.0527182583978677
1231,0.052806057217027316
1232,0.05277803388319868
1233,0.05280565910281748
1234,0.05290073612673782
1235,0.05307485330994508
1236,0.05301307038438504
1237,0.05313330688330076
1238,0.053227274258512376
1239,0.05316554286319977
1240,0.05325140812948787
1241,0.05327795007921082
1242,0.053319045073277775
1243,0.05338334562354824
1244,0.05332185116241502
1245,0.05333187525396577
1246,0.05350236019546637
1247,0.053586775888035336
1248,0.05352534708674787
1249,0.053595294655529126
1250,0.053658477738977826
1251,0.053618942933681885
1252,0.05370253245876456
1253,0.053715558877309146
1254,0.05365449672712023
1255,0.05359362102624486
1256,0.05353293092201851
1257,0.05357269957551649
1258,0.05351222573520986
1259,0.053587931603981766
1260,0.05371234330978276
1261,0.05377429785681362
1262,0.05380369866664863
1263,0.05374333247356734
1264,0.05368314810636883
1265,0.053797314380184355
1266,0.0540590671553699
1267,0.054336948482953694
1268,0.05432433172144483
1269,0.05431974150387311
1270,0.05425923578917144
1271,0.054302259738716954
1272,0.0543753254135937
1273,0.05444151559756427
1274,0.05469920572672776
1275,0.054778346626817916
1276,0.05478933839773739
1277,0.05489129296408741
1278,0.05496980036869433
1279,0.05490913926749413
1280,0.054987389523406024
1281,0.05499106012077944
1282,0.055001643293283255
1283,0.05501985553390728
1284,0.055042143461345866
1285,0.05517911979872991
1286,0.05511877255799379
1287,0.055159543348934435
1288,0.05531696428514725
1289,0.055334560278404644
1290,0.05535619830394594
1291,0.05543974142111579
1292,0.05568928610497799
1293,0.05572387723075752
1294,0.05572326899072856
1295,0.05581332327485492
1296,0.05584285432631256
1297,0.055820051667787814
1298,0.055902092413633836
1299,0.05592263991790889
1300,0.05593526131672645
1301,0.05595994373134965
1302,0.056205192618703506
1303,0.0562434900771893
1304,0.05618317391607646
1305,0.05625684219887292
1306,0.05627268322074348
1307,0.05630110507628609
1308,0.05637429463590657
1309,0.05639807931761557
1310,0.05640285299493252
1311,0.05666024126449486
1312,0.056901062081052806
1313,0.056840585013132335
1314,0.056905797629718834
1315,0.05694757716973105
1316,0.05707596174710491
1317,0.05717711622192582
1318,0.05715705960877377
1319,0.057234844633335016
1320,0.05727080777403069
1321,0.05737113081483466
1322,0.05740680557261773
1323,0.05734646547176176
1324,0.057387116995610776
1325,0.05732923262520147
1326,0.05733946456248108
1327,0.057385242643667504
1328,0.05732825799968856
1329,0.05726852227219071
1330,0.05739400502876225
1331,0.057477338806367975
1332,0.05754652183161554
1333,0.05748681431568394
1334,0.05770468987540883
1335,0.05771428569746978
1336,0.057686682012674566
1337,0.057776405076180704
1338,0.05777912998828974
1339,0.057772968400147014
1340,0.057847713702671555
1341,0.05781700870474263
1342,0.05793061978933682
1343,0.05807265818459122
1344,0.05807821749317158
1345,0.05809856570320436
1346,0.05810407537889495
1347,0.05814246104604294
1348,0.058215912959441694
1349,0.05815658719134332
1350,0.05839825295862654
1351,0.0583816227307123
1352,0.058353718942091924
1353,0.05833303202182189
1354,0.05832625839361101
1355,0.058498495450940255
1356,0.05849715758173889
1357,0.058446741309018606
1358,0.058479302739922565
1359,0.058502870107971894
1360,0.05850774631015664
1361,0.058523195786624106
1362,0.05854250607295084
1363,0.05855416806189781
1364,0.058509885760656
1365,0.05852525165887985
1366,0.05848729304505755
1367,0.058534459936650934
1368,0.058510260641596146
1369,0.058588024927443944
1370,0.05861111442116073
1371,0.05868854617477602
1372,0.058693106068031985
1373,0.05888525747936539
1374,0.058907843626148336
1375,0.05884961532811945
1376,0.05886432561494132
1377,0.05880630320443787
1378,0.058769628762270494
1379,0.0587709352596394
1380,0.058847268671432876
1381,0.05891671454031493
1382,0.058939029400352075
1383,0.05894646054938126
1384,0.059162249072473576
1385,0.05921860594404481
1386,0.0592748194139072
1387,0.059349833615996966
1388,0.05929200503609565
1389,0.059240747804671125
1390,0.059337531234579945
1391,0.05956517773447777
1392,0.05958639207457232
1393,0.059586645540068
1394,0.05964182910142294
1395,0.05982746975290386
1396,0.05988221211911364
1397,0.05989523920290634
1398,0.05995567037343851
1399,0.06000443839453031
1400,0.060064581988146626
1401,0.06010272873920388
1402,0.06010535474298091
1403,0.06017783997550342
1404,0.06025014489650223
1405,0.060283098963386635
1406,0.06036191965923442
1407,0.06043372768500805
1408,0.06044589485111806
1409,0.0605468473092423
1410,0.0606249531518441
1411,0.060623920398528194
1412,0.060688527014131376
1413,0.06071612821821512
1414,0.06069061626872662
1415,0.06069889846181958
1416,0.06069778141739657
1417,0.060902710280598966
1418,0.06089853467675313
1419,0.06084359192602082
1420,0.06084525679412126
1421,0.060829123596105907
1422,0.06082785628055425
1423,0.060891351585521156
1424,0.06091013263346271
1425,0.060928868151591084
1426,0.060992010553669436
1427,0.06104899640945409
1428,0.0611001478549208
1429,0.06111856376232062
1430,0.061114188464215055
1431,0.0611365070536326
1432,0.0613372139714212
1433,0.061359211237085994
1434,0.061363286066646094
1435,0.06150493005995074
1436,0.06150882083630272
1437,0.06158325782433186
1438,0.06158400427533908
1439,0.061579121155028435
1440,0.061646659101818345
1441,0.0618082610354785
1442,0.06178937824540671
1443,0.06181057819561405
1444,0.06181406995022849
1445,0.06203829106585397
1446,0.062041505401580155
1447,0.06212127188893802
1448,0.06211078184702985
1449,0.06211705961121414
1450,0.062087978333657645
1451,0.06212625838132336
1452,0.0621429727906051
1453,0.06219134256840731
1454,0.062385643879982654
1455,0.0624099043034379
1456,0.06240160039496502
1457,0.062430044465377484
1458,0.062432757256315516
1459,0.062448978650766096
1460,0.062445883780489216
1461,0.06248330354252951
1462,0.0625362455491943
1463,0.06254192846702777
1464,0.06276037636539204
1465,0.06275428005321784
1466,0.06274567437030495
1467,0.06296313139254653
1468,0.06295191317245237
1469,0.06295707852396795
1470,0.06297627836045785
1471,0.06299165224878037
1472,0.06299075446382578
1473,0.06302240323257857
1474,0.06303068972533524
1475,0.06308789407109863
1476,0.06315093414231719
1477,0.06311443549757174
1478,0.0631332811704335
1479,0.0631084727620627
1480,0.06309724235704993
1481,0.06305998508672209
1482,0.06314234299187618
1483,0.06313111238412866
1484,0.06331775667176398
1485,0.06329808570580157
1486,0.06334335016127572
1487,0.06337866126469839
1488,0.0633864159230736
1489,0.06336494925706113
1490,0.06350539901820733
1491,0.06347749282054439
1492,0.06353896535825516
1493,0.06353476426626681
1494,0.06354911792490561
1495,0.06361645140187969
1496,0.06370406298901334
1497,0.06371817990328352
1498,0.06377897368563905
1499,0.0637672348009507
1500,0.06392663359231493
1501,0.06397568207144397
1502,0.0639684884841527
1503,0.06395233273609753
1504,0.06393621273084782
1505,0.06393162839657356
1506,0.0639297268020612
1507,0.06391792524698817
1508,0.06411119395558593
1509,0.06410910109509396
1510,0.06416292020627332
1511,0.06415091449402803
1512,0.06413677256603673
1513,0.06414039122000545
1514,0.06412424182916338
1515,0.064141221823088
1516,0.06421934238598052
1517,0.06427833001310437
1518,0.06431143019707396
1519,0.06429140573744171
1520,0.06428400971635177
1521,0.06428452395019961
1522,0.06434312099196572
1523,0.06443470042162709
1524,0.06442256948648553
1525,0.06462457850612581
1526,0.06463387986191574
1527,0.06461030120832009
1528,0.06461639441596403
1529,0.06458134484639032
1530,0.06462815986621955
1531,0.06467487431672585
1532,0.06472148852163019
1533,0.06476800280326572
1534,0.06479156829141902
1535,0.06482807069883546
1536,0.06501458548724884
1537,0.06500421961015536
1538,0.06519014892043638
1539,0.06518439518379336
1540,0.06516568827532498
1541,0.06532747550898962
1542,0.06542371060475809
1543,0.06557408434433815
1544,0.0656357776658131
1545,0.06569151863808055
1546,0.06573138214190487
1547,0.06570714252821623
1548,0.06569189604471173
1549,0.06574734293661252
1550,0.06594264143105161
1551,0.06595360283342629
1552,0.06599293979815576
1553,0.06597954292150587
1554,0.06597559034377724
1555,0.06601478071331872
1556,0.06603268189032802
1557,0.06604692249051597
1558,0.06606475274463257
1559,0.06606913235376423
1560,0.06605575379542782
1561,0.06606648343257032
1562,0.06607393785100589
1563,0.06620092777709746
1564,0.06624956218009664
1565,0.06624801612508122
1566,0.06624647327100786
1567,0.06623979376422567
1568,0.06623312805807735
1569,0.06621389872181878
1570,0.06619654403034303
1571,0.06618994345998495
1572,0.0661708179021285
1573,0.06619594566336477
1574,0.0662031753228147
1575,0.06629525507707117
1576,0.06632868342148583
1577,0.06637653993002915
1578,0.06642429857250183
1579,0.0664719596487999
1580,0.06648541778820949
1581,0.06650238301567739
1582,0.0665666409965104
1583,0.06655518129931216
1584,0.06666167325437883
1585,0.06667839064796242
1586,0.06672041998126832
1587,0.0667301935528064
1588,0.06671862631100262
1589,0.06670498332823195
1590,0.06670044171251492
1591,0.06669590926252085
1592,0.06669395534097618
1593,0.06671805017908698
1594,0.06670656497634209
1595,0.06669729914856155
1596,0.066738887516171
1597,0.06678039245676419
1598,0.06678388384498576
1599,0.06692446669101557
1600,0.0669069220723149
1601,0.0669163726347695
1602,0.0669007410015671
1603,0.06688149789112038
1604,0.06697024235111217
1605,0.06700649324753483
1606,0.06701579786169172
1607,0.0670219764476956
1608,0.06702814277460026
1609,0.06701446346198996
1610,0.06718514806515012
1611,0.06718022584527202
1612,0.06718930362120491
1613,0.06726993701799486
1614,0.06730557060402828
1615,0.06732115950583142
1616,0.0674014250324688
1617,0.067387486282536
1618,0.06739954271670856
1619,0.06738767050467122
1620,0.06737378623589292
1621,0.06736635587739807
1622,0.06753469203862739
1623,0.0675346000656077
1624,0.06758418639021019
1625,0.06757017812675711
1626,0.06756035053241788
1627,0.06768692651564825
1628,0.06771731016614449
1629,0.06770736823822279
1630,0.06772588357851426
1631,0.06775201201238301
1632,0.0678178527540693
1633,0.06783267410274321
1634,0.06783229492434548
1635,0.06788106661664906
1636,0.06789930706271256
1637,0.06793354340426819
1638,0.06796771377984778
1639,0.0681218590626908
1640,0.06816509236385006
1641,0.06818297236036744
1642,0.06835869015335534
1643,0.06839681155616859
1644,0.06851172384076727
1645,0.06849709608240367
1646,0.0685349758311658
1647,0.06851498053545649
1648,0.06850445771656265
1649,0.06861871966028107
1650,0.0686150424216429
1651,0.06861944070094447
1652,0.06859946015011043
1653,0.0685868317536247
1654,0.06862433885185426
1655,0.06863480008163468
1656,0.06863915882584487
1657,0.06879004388150041
1658,0.06887245493239018
1659,0.06892433418157272
1660,0.06893773415492427
1661,0.06897466307022365
1662,0.0690115224395432
1663,0.06902480257453349
1664,0.06900995380928564
1665,0.06913973427240251
1666,0.06915285675989014
1667,0.06919402980160375
1668,0.06922606010446357
1669,0.0692719767895469
1670,0.06925513706933795
1671,0.06923183866856168
1672,0.06921332002054097
1673,0.0692542064811633
1674,0.06927786578508884
1675,0.0693186161353058
1676,0.06931687077053272
1677,0.06935750923060495
1678,0.0693611086042014
1679,0.06936760149251017
1680,0.06937118485591302
1681,0.06940266608477517
1682,0.06946393872003197
1683,0.06945500377219506
1684,0.06944396323950364
1685,0.0694447197691464
1686,0.06961215641084494
1687,0.06963911976210063
1688,0.06964530341589407
1689,0.06963022574182146
1690,0.06966553683131298
1691,0.06972047558783212
1692,0.06975131983478089
1693,0.06979096592117935
1694,0.06983531695457733
1695,0.06981663616100268
1696,0.06983561745062312
1697,0.06984773476008857
1698,0.06984309895346755
1699,0.06984618770234301
1700,0.06984927083531142
1701,0.06988403018358777
1702,0.0698727806701133
1703,0.06989911660715378
1704,0.0698789180424947
1705,0.06986036684787737
1706,0.0698418491997241
1707,0.06983068860093004
1708,0.06997355319845064
1709,0.06995667305685237
1710,0.06999105381381698
1711,0.0699863432515095
1712,0.06996781223059119
1713,0.07010991182665871
1714,0.07013195346675793
1715,0.0701347388304358
1716,0.07016454855662349
1717,0.07021257723277397
1718,0.07024648307897682
1719,0.07024915613607122
1720,0.07036282107283365
1721,0.07035133511856236
1722,0.07033986963836283
1723,0.0703196203343425
1724,0.07035766737342966
1725,0.0703575848227883
1726,0.07049769768054226
1727,0.07052291828528516
1728,0.07051340097316403
1729,0.07053856299110257
1730,0.07052507909345615
1731,0.0705583189114881
1732,0.0706473515494505
1733,0.070649637765177
1734,0.07066386045562963
1735,0.07072681426445605
1736,0.07070967224148203
1737,0.0707238046042762
1738,0.07070199893396929
1739,0.07073920920028566
1740,0.07087726661559572
1741,0.07090184510166951
1742,0.07092638054310918
1743,0.07099457350376212
1744,0.07098912162053347
1745,0.0710135165529398
1746,0.07108765915256453
1747,0.07107991819756523
1748,0.07106101569738474
1749,0.07110692654518222
1750,0.07114342877624581
1751,0.07113566626972291
1752,0.07116367558134284
1753,0.07117104527838433
1754,0.07122168017865757
1755,0.07137757561802995
1756,0.07152292885075981
1757,0.07155048240685759
1758,0.07153833783339286
1759,0.07157869388052414
1760,0.07160226510927005
1761,0.07161533651635806
1762,0.07160129729272148
1763,0.0716286413133261
1764,0.07161283124033424
1765,0.07162914651788332
1766,0.07161899063769016
1767,0.0717351921427382
1768,0.07186908723735379
1769,0.07185678439654741
1770,0.07187282144371705
1771,0.07187665928628378
1772,0.07199214519732686
1773,0.07201892290240662
1774,0.07201056673619365
1775,0.07199820631032004
1776,0.07199673232357819
1777,0.07202742270672517
1778,0.0720580609839585
1779,0.07204384868342135
1780,0.07219574450034535
1781,0.07218329007344812
1782,0.07220591107949915
1783,0.07219346911437254
1784,0.0722280054514958
1785,0.07226248349944248
1786,0.07225002530621756
1787,0.0722562687021434
1788,0.07225709476718166
1789,0.072241088561617
1790,0.07227123833029428
1791,0.07228341879243379
1792,0.07228684456113928
1793,0.07229302569417284
1794,0.07228062539320175
1795,0.07235066749389603
1796,0.07237663047530238
1797,0.07241500505005864
1798,0.07241569171860417
1799,0.07244546955143902
1800,0.07258460325402427
1801,0.07257808619810102
1802,0.07260373038034544
1803,0.07258934802645542
1804,0.07260768270325835
1805,0.07261080241478209
1806,0.07259472854574066
1807,0.07259785382042468
1808,0.07266687955047638
1809,0.07266993997689399
1810,0.07278114345379635
1811,0.07289216327508038
1812,0.07295485203027373
1813,0.07296624800447668
1814,0.07295948636616179
1815,0.07296785576498323
1816,0.07297621139834608
1817,0.07296168842977771
1818,0.07294386559540676
1819,0.07307116731571714
1820,0.07307130376379245
1821,0.07310000811229679
1822,0.07308213042657966
1823,0.0731283459537809
1824,0.0731794663062963
1825,0.07318758780803337
1826,0.07321608024317168
1827,0.0732485728365092
1828,0.07324165837906106
1829,0.07327832993160743
1830,0.07330665593433587
1831,0.07329380492734996
1832,0.07332207238543458
1833,0.07333610162890546
1834,0.0733152457128557
1835,0.0733127757146282
1836,0.07329820369434992
1837,0.07335383686312863
1838,0.07337448911059442
1839,0.07337197927103939
1840,0.0733511953371301
1841,0.07343683983764492
1842,0.07342056679135922
1843,0.07345247662681935
1844,0.07344343828850872
1845,0.07343246957519477
1846,0.07342550741589703
1847,0.07348600896132887
1848,0.0734858099429044
1849,0.07347125105476009
1850,0.07345347683484905
1851,0.07343573103095706
1852,0.07341958884670774
1853,0.07346442853652976
1854,0.07348472908731864
1855,0.07351628268347879
1856,0.07351855231119048
1857,0.07352910093205545
1858,0.0735313567620692
1859,0.07359684491056864
1860,0.07358405937201637
1861,0.07358378464925314
1862,0.07362817445554827
1863,0.07361721579819046
1864,0.07360445460399466
1865,0.073604164627207
1866,0.0736277019326009
1867,0.07361496267798535
1868,0.07363492037242367
1869,0.07365484661265484
1870,0.07365698211539241
1871,0.07363935543879963
1872,0.07363237294167023
1873,0.07369147628937465
1874,0.07367875697229878
1875,0.07369204432336758
1876,0.07368114725901748
1877,0.07371200344148365
1878,0.07369597348288374
1879,0.07368898493371041
1880,0.07369365052069204
1881,0.07372848061119779
1882,0.0737109494064823
1883,0.07375451353024476
1884,0.07379349956317813
1885,0.07377595868893906
1886,0.07376159305904925
1887,0.07375668164535884
1888,0.07376395775117317
1889,0.07376124311979282
1890,0.07378422075555724
1891,0.07379428578110556
1892,0.07382469615764364
1893,0.07385910164898231
1894,0.07386626486713165
1895,0.07389271509757214
1896,0.07401172122994575
1897,0.0740458764151644
1898,0.07405287366440866
1899,0.07404778338725322
1900,0.07404716019539194
1901,0.07406300734274152
1902,0.07405027620525453
1903,0.07406936372867781
1904,0.0740518668823874
1905,0.07405124294911934
1906,0.07404217521620914
1907,0.07416006541317742
1908,0.07419381994761577
1909,0.0741930894770428
1910,0.07418209276004707
1911,0.0741693581861147
1912,0.07415046374236792
1913,0.07418409704984406
1914,0.07417498341720977
1915,0.07416063115502988
1916,0.07417313837268184
1917,0.07417993804433069
1918,0.0741769675282894
1919,0.07415816758929171
1920,0.0742001717958102
1921,0.07422584866295008
1922,0.07421492698484848
1923,0.07420228309924747
1924,0.07423559783743425
1925,0.07421825283994635
1926,0.07424026199561448
1927,0.07422293962498173
1928,0.07420564334225657
1929,0.07421799434770636
1930,0.0742850974703497
1931,0.07440915518273393
1932,0.07442755770829176
1933,0.07441484916262515
1934,0.07439896525497013
1935,0.074424223942635
1936,0.07441326822876525
1937,0.07447427620744446
1938,0.07449254754004411
1939,0.07447984740471525
1940,0.07446716622481225
1941,0.07445621933740572
1942,0.07455515370975396
1943,0.07461578348042643
1944,0.07464440603160788
1945,0.07475054957742361
1946,0.07475419771018198
1947,0.07474308649451937
1948,0.07479807747973813
1949,0.07481595979385677
1950,0.074799967020936
1951,0.07482113832088785
1952,0.07480831726172647
1953,0.07478820756768492
1954,0.0748128243370497
1955,0.07481397128225435
1956,0.07483505418931456
1957,0.07490036744891224
1958,0.07488754469404167
1959,0.07487643346925772
1960,0.07489098337030767
1961,0.07489206783152667
1962,0.07488867042335513
1963,0.07491305093902956
1964,0.0749165317933779
1965,0.07490544817317224
1966,0.07491991292480037
1967,0.07493139808695122
1968,0.07494582272204642
1969,0.07494457495816442
1970,0.07493351131966404
1971,0.07493227435587697
1972,0.07502869846132368
1973,0.07504299969980573
1974,0.07515441284606042
1975,0.07513997455210013
1976,0.07512404849236082
1977,0.07513823894290898
1978,0.07514403724986929
1979,0.07515819262452289
1980,0.0751568009153512
1981,0.07516799811207073
1982,0.075166601321807
1983,0.07519779755834838
1984,0.07520616487856521
1985,0.07520259710457484
1986,0.07524184755413409
1987,0.07527686610659448
1988,0.0753951146992077
1989,0.07537915400925206
1990,0.0753662820037308
1991,0.0753626145097683
1992,0.07539742051932788
1993,0.07545526941753573
1994,0.07547210302571955
1995,0.0754858608722224
1996,0.07553842897659001
1997,0.0755255074571613
1998,0.0755068052687015
1999,0.07553011656821464
2000,0.07551418485377363
